week,game_id,team,opponent,player_id,player_name,position,position_group,forecast_track,predicted_xtc,omega_actual_xtc,sportsbook_like_actual,defensive_participant,role_state,role_challenger_eligible,residual_actual_minus_pred
1,2026_01_ARI_LAC,LAC,ARI,00-0030294,Tony Jefferson,DB,DB,CONTROL,4.772660564829302,3,3,True,,False,-1.7726605648293017
1,2026_01_ARI_LAC,LAC,ARI,00-0031040,Khalil Mack,LB,LB,CONTROL,3.7084845979357692,2,2,True,,False,-1.7084845979357692
1,2026_01_ARI_LAC,LAC,ARI,00-0032146,Bud Dupree,LB,LB,CONTROL,1.6217151452939043,0,0,True,,False,-1.6217151452939043
1,2026_01_ARI_LAC,ARI,LAC,00-0033066,Andrew Billings,DL,DL,CONTROL,2.065411797956215,0,0,False,,False,-2.065411797956215
1,2026_01_ARI_LAC,LAC,ARI,00-0033546,Dalvin Tomlinson,DL,DL,CONTROL,1.4288595765425054,4,4,True,,False,2.5711404234574946
1,2026_01_ARI_LAC,ARI,LAC,00-0033890,Budda Baker,DB,DB,CONTROL,6.775031337877396,5,5,True,,False,-1.7750313378773956
1,2026_01_ARI_LAC,LAC,ARI,00-0034356,Donte Jackson,DB,DB,CONTROL,1.386320057116692,2,2,True,,False,0.613679942883308
1,2026_01_ARI_LAC,ARI,LAC,00-0034381,Josh Sweat,LB,LB,CONTROL,1.7672504772249458,2,2,True,,False,0.23274952277505423
1,2026_01_ARI_LAC,LAC,ARI,00-0034790,Derwin James,DB,DB,CONTROL,5.763837802310155,10,10,True,,False,4.236162197689845
1,2026_01_ARI_LAC,ARI,LAC,00-0035144,Mack Wilson,LB,LB,CONTROL,6.608525149269587,6,6,True,,False,-0.6085251492695871
1,2026_01_ARI_LAC,LAC,ARI,00-0035202,Del'Shawn Phillips,LB,LB,CONTROL,3.401488604404648,5,5,True,,False,1.5985113955953518
1,2026_01_ARI_LAC,ARI,LAC,00-0035378,Andrew Wingard,DB,DB,CONTROL,4.5635033545540615,3,4,True,,False,-1.5635033545540615
1,2026_01_ARI_LAC,ARI,LAC,00-0035636,L.J. Collier,DL,DL,CONTROL,1.7299157678809285,1,1,True,,False,-0.7299157678809285
1,2026_01_ARI_LAC,LAC,ARI,00-0036181,Teair Tart,DL,DL,CONTROL,2.0538903448006347,2,2,True,,False,-0.053890344800634704
1,2026_01_ARI_LAC,LAC,ARI,00-0036338,Troy Dye,LB,LB,CONTROL,2.9174517024128566,5,5,True,,False,2.0825482975871434
1,2026_01_ARI_LAC,ARI,LAC,00-0036568,Roy Lopez,DL,DL,CONTROL,2.22008947673462,4,4,True,,False,1.77991052326538
1,2026_01_ARI_LAC,ARI,LAC,00-0036933,Zaven Collins,LB,LB,CONTROL,2.843286080344885,3,3,True,,False,0.15671391965511505
1,2026_01_ARI_LAC,LAC,ARI,00-0036992,Elijah Molden,DB,DB,CONTROL,4.023311206365769,5,5,True,,False,0.9766887936342306
1,2026_01_ARI_LAC,ARI,LAC,00-0036995,Baron Browning,LB,LB,CONTROL,2.9274608044733643,0,0,True,,False,-2.9274608044733643
1,2026_01_ARI_LAC,ARI,LAC,00-0037596,Jack Gibbens,LB,LB,CONTROL,6.797598715401871,7,7,True,,False,0.20240128459812912
1,2026_01_ARI_LAC,LAC,ARI,00-0038414,Kendall Williamson,DB,DB,CONTROL,1.2664296656174525,0,0,False,,False,-1.2664296656174525
1,2026_01_ARI_LAC,LAC,ARI,00-0038553,Daiyan Henley,LB,LB,CONTROL,6.483777450360964,8,8,True,,False,1.5162225496390356
1,2026_01_ARI_LAC,ARI,LAC,00-0038623,Dante Stills,DL,DL,CONTROL,1.7680243346532032,1,1,True,,False,-0.7680243346532032
1,2026_01_ARI_LAC,ARI,LAC,00-0038782,Eku Leota,LB,LB,CONTROL,1.5858228738364266,0,0,True,,False,-1.5858228738364266
1,2026_01_ARI_LAC,ARI,LAC,00-0038984,Kei'Trel Clark,DB,DB,CONTROL,1.2548423967913338,0,0,True,,False,-1.2548423967913338
1,2026_01_ARI_LAC,LAC,ARI,00-0039111,Tuli Tuipulotu,LB,LB,CONTROL,3.485596762716033,5,5,True,,False,1.5144032372839669
1,2026_01_ARI_LAC,ARI,LAC,00-0039239,Kalen King,DB,DB,CONTROL,1.865558106578975,0,0,True,,False,-1.865558106578975
1,2026_01_ARI_LAC,LAC,ARI,00-0039366,Tarheeb Still,DB,DB,CONTROL,3.72072662453398,3,3,True,,False,-0.7207266245339801
1,2026_01_ARI_LAC,LAC,ARI,00-0039369,Cam Hart,DB,DB,CONTROL,3.615125204578698,6,6,True,,False,2.384874795421302
1,2026_01_ARI_LAC,ARI,LAC,00-0039807,Max Melton,DB,DB,CONTROL,2.388253624443454,1,1,True,,False,-1.388253624443454
1,2026_01_ARI_LAC,LAC,ARI,00-0039835,Justin Eboigbe,DL,DL,CONTROL,2.0620299495364014,2,2,True,,False,-0.062029949536401396
1,2026_01_ARI_LAC,ARI,LAC,00-0039854,Darius Robinson,DL,DL,CONTROL,3.602796164683187,1,1,True,,False,-2.602796164683187
1,2026_01_ARI_LAC,ARI,LAC,00-0040137,Jordan Burch,LB,LB,CONTROL,2.1759899038310633,3,3,True,,False,0.8240100961689367
1,2026_01_ARI_LAC,LAC,ARI,00-0040144,Jamaree Caldwell,DL,DL,CONTROL,1.9259835062611865,5,5,True,,False,3.0740164937388137
1,2026_01_ARI_LAC,ARI,LAC,00-0040195,Denzel Burke,DB,DB,CONTROL,4.092189228983809,4,4,True,,False,-0.0921892289838091
1,2026_01_ARI_LAC,LAC,ARI,00-0040221,R.J. Mickens,DB,DB,CONTROL,2.879428631682855,0,0,False,,False,-2.879428631682855
1,2026_01_ARI_LAC,ARI,LAC,00-0040230,Kitan Crawford,DB,DB,CONTROL,1.249499883482645,1,1,True,,False,-0.24949988348264496
1,2026_01_ARI_LAC,LAC,ARI,00-0040460,Marlowe Wax,LB,LB,CONTROL,4.527548066661588,0,0,False,,False,-4.527548066661588
1,2026_01_ARI_LAC,ARI,LAC,00-0040645,Cody Simon,LB,LB,CONTROL,6.9299135784643715,0,0,False,,False,-6.9299135784643715
1,2026_01_ARI_LAC,ARI,LAC,00-0040706,Walter Nolen,DL,DL,CONTROL,1.6479016059682772,1,1,True,,False,-0.6479016059682772
1,2026_01_ARI_LAC,ARI,LAC,00-0040751,Will Johnson,DB,DB,CONTROL,2.772458094525244,4,4,True,,False,1.227541905474756
1,2026_01_ARI_LAC,LAC,ARI,00-0041064,Genesis Smith,DB,DB,CONTROL,1.9117211065521875,5,5,True,,False,3.0882788934478125
1,2026_01_ARI_LAC,LAC,ARI,00-0041072,Nick Barrett,DL,DL,CONTROL,0.6640075565772392,0,0,True,,False,-0.6640075565772392
1,2026_01_ARI_LAC,ARI,LAC,00-0041093,Karson Sharar,LB,LB,CONTROL,1.7939632600082245,0,0,False,,False,-1.7939632600082245
1,2026_01_ARI_LAC,ARI,LAC,00-0041370,Wydett Williams Jr.,DB,DB,CONTROL,1.865558106578975,0,0,False,,False,-1.865558106578975
1,2026_01_ARI_LAC,LAC,ARI,00-0041381,Rodney Shelley,DB,DB,CONTROL,1.9117211065521875,0,0,True,,False,-1.9117211065521875
1,2026_01_ARI_LAC,LAC,ARI,00-0041544,Akheem Mesidor,LB,LB,CONTROL,1.6712314079443968,2,2,True,,False,0.32876859205560316
1,2026_01_DAL_NYG,DAL,NYG,00-0027940,Von Miller,LB,LB,CONTROL,2.149323346237666,0,0,True,,False,-2.149323346237666
1,2026_01_DAL_NYG,NYG,DAL,00-0031270,Shelby Harris,DL,DL,CONTROL,2.6268307869634127,0,0,True,,False,-2.6268307869634127
1,2026_01_DAL_NYG,NYG,DAL,00-0032424,DJ Reader,DL,DL,CONTROL,2.229550590557344,2,2,True,,False,-0.22955059055734406
1,2026_01_DAL_NYG,DAL,NYG,00-0033093,Jonathan Bullard,DL,DL,CONTROL,1.5628352277559319,2,2,True,,False,0.43716477224406813
1,2026_01_DAL_NYG,DAL,NYG,00-0033120,Kenny Clark,DL,DL,CONTROL,2.508590856020342,2,2,True,,False,-0.508590856020342
1,2026_01_DAL_NYG,DAL,NYG,00-0033877,Malik Hooker,DB,DB,CONTROL,4.4948730267033135,1,1,True,,False,-3.4948730267033135
1,2026_01_DAL_NYG,NYG,DAL,00-0034248,Elijah Campbell,DB,DB,CONTROL,1.2432092508449009,0,0,False,,False,-1.2432092508449009
1,2026_01_DAL_NYG,NYG,DAL,00-0034673,Tremaine Edmunds,LB,LB,CONTROL,6.866121918626321,8,8,True,,False,1.1338780813736786
1,2026_01_DAL_NYG,DAL,NYG,00-0034967,Rashan Gary,LB,LB,CONTROL,2.604549022108565,2,2,True,,False,-0.6045490221085652
1,2026_01_DAL_NYG,DAL,NYG,00-0035227,P.J. Locke,DB,DB,CONTROL,2.1060214905619192,2,2,True,,False,-0.10602149056191923
1,2026_01_DAL_NYG,DAL,NYG,00-0035705,Jalen Thompson,DB,DB,CONTROL,5.733113526942978,9,9,True,,False,3.2668864730570224
1,2026_01_DAL_NYG,NYG,DAL,00-0035713,Brian Burns,LB,LB,CONTROL,3.3541603921158356,2,2,True,,False,-1.3541603921158356
1,2026_01_DAL_NYG,DAL,NYG,00-0035718,Quinnen Williams,DL,DL,CONTROL,3.092484668929578,1,2,True,,False,-2.092484668929578
1,2026_01_DAL_NYG,NYG,DAL,00-0036280,Malik Harrison,LB,LB,CONTROL,4.558674532306423,0,0,False,,False,-4.558674532306423
1,2026_01_DAL_NYG,NYG,DAL,00-0036502,Jason Pinnock,DB,DB,CONTROL,2.298100686664311,0,0,False,,False,-2.298100686664311
1,2026_01_DAL_NYG,NYG,DAL,00-0036587,Ar'Darius Washington,DB,DB,CONTROL,1.9080935046296152,0,0,True,,False,-1.9080935046296152
1,2026_01_DAL_NYG,NYG,DAL,00-0036937,Paulson Adebo,DB,DB,CONTROL,5.4659089229806,2,2,True,,False,-3.4659089229806
1,2026_01_DAL_NYG,NYG,DAL,00-0036982,Chauncey Golston,DL,DL,CONTROL,1.9650187534412598,3,3,True,,False,1.0349812465587402
1,2026_01_DAL_NYG,NYG,DAL,00-0036996,Greg Newsome II,DB,DB,CONTROL,2.7505601485501936,3,3,True,,False,0.2494398514498064
1,2026_01_DAL_NYG,NYG,DAL,00-0036998,Jevon Holland,DB,DB,CONTROL,3.6989281301840835,2,2,True,,False,-1.6989281301840835
1,2026_01_DAL_NYG,NYG,DAL,00-0037259,Micah McFadden,LB,LB,CONTROL,4.203041862606713,0,0,False,,False,-4.203041862606713
1,2026_01_DAL_NYG,DAL,NYG,00-0037270,Otito Ogbonnia,DL,DL,CONTROL,1.790126411986686,4,4,True,,False,2.209873588013314
1,2026_01_DAL_NYG,DAL,NYG,00-0037275,DaRon Bland,DB,DB,CONTROL,6.587110418200262,8,8,True,,False,1.412889581799738
1,2026_01_DAL_NYG,DAL,NYG,00-0037310,James Houston,LB,LB,CONTROL,2.179114031695347,1,1,True,,False,-1.179114031695347
1,2026_01_DAL_NYG,DAL,NYG,00-0037561,Markquese Bell,DB,DB,CONTROL,1.2474223212334785,0,0,False,,False,-1.2474223212334785
1,2026_01_DAL_NYG,NYG,DAL,00-0037611,Kayvon Thibodeaux,LB,LB,CONTROL,3.052026046629899,2,2,True,,False,-1.0520260466298992
1,2026_01_DAL_NYG,DAL,NYG,00-0037839,Cobie Durant,DB,DB,CONTROL,2.8333667437410153,2,2,True,,False,-0.8333667437410153
1,2026_01_DAL_NYG,NYG,DAL,00-0038399,Zaire Barnes,LB,LB,CONTROL,5.134021914957568,0,0,False,,False,-5.134021914957568
1,2026_01_DAL_NYG,DAL,NYG,00-0038556,DeMarvion Overshown,LB,LB,CONTROL,3.74062609874659,7,7,True,,False,3.25937390125341
1,2026_01_DAL_NYG,DAL,NYG,00-0038624,Ameer Speed,DB,DB,CONTROL,0.8603490206685969,0,0,False,,False,-0.8603490206685969
1,2026_01_DAL_NYG,DAL,NYG,00-0038625,Dee Winters,LB,LB,CONTROL,4.368319984550396,4,4,True,,False,-0.3683199845503964
1,2026_01_DAL_NYG,DAL,NYG,00-0038742,Tyrus Wheat,LB,LB,CONTROL,1.1341225538609363,0,0,False,,False,-1.1341225538609363
1,2026_01_DAL_NYG,NYG,DAL,00-0038986,Nic Jones,DB,DB,CONTROL,1.1572315299727025,0,0,False,,False,-1.1572315299727025
1,2026_01_DAL_NYG,NYG,DAL,00-0039000,Deonte Banks,DB,DB,CONTROL,2.826928345502269,4,4,True,,False,1.1730716544977309
1,2026_01_DAL_NYG,NYG,DAL,00-0039176,Basil Okoye,DL,DL,CONTROL,0.7441811923850988,1,1,False,,False,0.25581880761490117
1,2026_01_DAL_NYG,DAL,NYG,00-0039387,Caelen Carson,DB,DB,CONTROL,4.085047590183561,0,0,False,,False,-4.085047590183561
1,2026_01_DAL_NYG,NYG,DAL,00-0039821,Andru Phillips,DB,DB,CONTROL,3.66189289555296,2,2,True,,False,-1.6618928955529602
1,2026_01_DAL_NYG,NYG,DAL,00-0039861,Tyler Nubin,DB,DB,CONTROL,5.485062250819986,3,3,True,,False,-2.485062250819986
1,2026_01_DAL_NYG,DAL,NYG,00-0040008,Shavon Revel Jr.,DB,DB,CONTROL,5.39531332665294,1,1,True,,False,-4.39531332665294
1,2026_01_DAL_NYG,DAL,NYG,00-0040011,Shemar James,LB,LB,CONTROL,5.864037915240883,0,0,True,,False,-5.864037915240883
1,2026_01_DAL_NYG,DAL,NYG,00-0040045,Alijah Clark,DB,DB,CONTROL,1.1669806899649655,0,0,False,,False,-1.1669806899649655
1,2026_01_DAL_NYG,NYG,DAL,00-0040677,Abdul Carter,LB,LB,CONTROL,3.4604054043783705,3,3,True,,False,-0.4604054043783705
1,2026_01_DAL_NYG,NYG,DAL,00-0040694,Darius Alexander,DL,DL,CONTROL,2.4014694077202527,0,0,True,,False,-2.4014694077202527
1,2026_01_DAL_NYG,DAL,NYG,00-0040725,Donovan Ezeiruaku,LB,LB,CONTROL,2.9334253155922947,10,10,True,,False,7.066574684407705
1,2026_01_DAL_NYG,DAL,NYG,00-0040865,Caleb Downs,DB,DB,CONTROL,1.9179731676698755,7,7,True,,False,5.082026832330125
1,2026_01_DAL_NYG,DAL,NYG,00-0040872,Jaishawn Barham,LB,LB,CONTROL,1.768601838184169,6,6,True,,False,4.2313981618158305
1,2026_01_DAL_NYG,DAL,NYG,00-0040880,LT Overton,DL,DL,CONTROL,0.7270357062223387,1,1,True,,False,0.2729642937776613
1,2026_01_DAL_NYG,NYG,DAL,00-0041095,Bobby Jamison-Travis,DL,DL,CONTROL,0.7441811923850988,0,0,False,,False,-0.7441811923850988
1,2026_01_DAL_NYG,NYG,DAL,00-0041102,Jack Kelly,LB,LB,CONTROL,1.7808079760426203,0,0,False,,False,-1.7808079760426203
1,2026_01_DAL_NYG,NYG,DAL,00-0041462,Colton Hood,DB,DB,CONTROL,1.9208777374938104,0,0,True,,False,-1.9208777374938104
1,2026_01_DAL_NYG,NYG,DAL,00-0041509,Arvell Reese,LB,LB,CONTROL,1.7808079760426203,5,5,True,,False,3.2191920239573797
1,2026_01_DAL_NYG,DAL,NYG,00-0041537,Malachi Lawrence,LB,LB,CONTROL,1.768601838184169,5,5,True,,False,3.231398161815831
1,2026_01_GB_MIN,MIN,GB,00-0029606,Harrison Smith,DB,DB,CONTROL,2.934110476775231,1,1,True,,False,-1.9341104767752308
1,2026_01_GB_MIN,MIN,GB,00-0031360,Kyle Van Noy,LB,LB,CONTROL,2.332861820035572,1,1,True,,False,-1.3328618200355722
1,2026_01_GB_MIN,GB,MIN,00-0033109,Javon Hargrave,DL,DL,CONTROL,2.4339473843015975,1,1,True,,False,-1.4339473843015975
1,2026_01_GB_MIN,MIN,GB,00-0033336,Eric Wilson,LB,LB,CONTROL,5.752678564058959,3,3,True,,False,-2.752678564058959
1,2026_01_GB_MIN,GB,MIN,00-0034431,Zaire Franklin,LB,LB,CONTROL,7.930414030364094,4,4,True,,False,-3.930414030364094
1,2026_01_GB_MIN,GB,MIN,00-0035133,Keisean Nixon,DB,DB,CONTROL,2.4603607481704146,5,5,True,,False,2.5396392518295854
1,2026_01_GB_MIN,MIN,GB,00-0035236,Byron Murphy,DB,DB,CONTROL,3.7694976731138996,8,8,True,,False,4.2305023268861
1,2026_01_GB_MIN,MIN,GB,00-0035272,Andrew Van Ginkel,LB,LB,CONTROL,4.6178484002196605,3,3,True,,False,-1.6178484002196605
1,2026_01_GB_MIN,MIN,GB,00-0035276,Blake Cashman,LB,LB,CONTROL,10.220835024990542,7,7,True,,False,-3.220835024990542
1,2026_01_GB_MIN,MIN,GB,00-0035795,James Pierre,DB,DB,CONTROL,3.090249443925047,3,3,True,,False,-0.09024944392504697
1,2026_01_GB_MIN,GB,MIN,00-0036157,Kristian Welch,LB,LB,CONTROL,0.7352155902531242,0,0,False,,False,-0.7352155902531242
1,2026_01_GB_MIN,MIN,GB,00-0036222,Isaiah Rodgers,DB,DB,CONTROL,4.282561140001399,3,3,True,,False,-1.2825611400013992
1,2026_01_GB_MIN,MIN,GB,00-0036348,Josh Metellus,DB,DB,CONTROL,5.632399865298687,4,4,True,,False,-1.6323998652986873
1,2026_01_GB_MIN,GB,MIN,00-0036388,Xavier McKinney,DB,DB,CONTROL,5.715846391933454,3,3,True,,False,-2.7158463919334537
1,2026_01_GB_MIN,GB,MIN,00-0036625,Benjamin St-Juste,DB,DB,CONTROL,2.384576279784228,0,0,True,,False,-2.384576279784228
1,2026_01_GB_MIN,GB,MIN,00-0036648,Nick Niemann,LB,LB,CONTROL,2.1670100441252536,0,0,False,,False,-2.1670100441252536
1,2026_01_GB_MIN,GB,MIN,00-0036658,Isaiah McDuffie,LB,LB,CONTROL,4.4877539126907795,0,0,True,,False,-4.4877539126907795
1,2026_01_GB_MIN,GB,MIN,00-0037075,Devonte Wyatt,DL,DL,CONTROL,3.102088410991005,3,3,True,,False,-0.10208841099100496
1,2026_01_GB_MIN,GB,MIN,00-0037094,Jonathan Ford,DL,DL,CONTROL,1.381116057982528,4,4,True,,False,2.6188839420174723
1,2026_01_GB_MIN,MIN,GB,00-0037301,Theo Jackson,DB,DB,CONTROL,3.1262226429232527,2,2,True,,False,-1.1262226429232527
1,2026_01_GB_MIN,GB,MIN,00-0038398,Karl Brooks,DL,DL,CONTROL,2.92632730534765,2,2,True,,False,-0.92632730534765
1,2026_01_GB_MIN,GB,MIN,00-0038408,Carrington Valentine,DB,DB,CONTROL,2.208770614387592,0,0,True,,False,-2.208770614387592
1,2026_01_GB_MIN,GB,MIN,00-0038463,Brenton Cox Jr.,LB,EDGE,CONTROL,1.9643427119747612,4,4,True,,False,2.035657288025239
1,2026_01_GB_MIN,MIN,GB,00-0038578,Jay Ward,DB,DB,CONTROL,4.005068514450745,0,0,False,,False,-4.005068514450745
1,2026_01_GB_MIN,MIN,GB,00-0038778,Jalen Redmond,DL,DL,CONTROL,3.106503950821918,4,4,True,,False,0.8934960491780819
1,2026_01_GB_MIN,MIN,GB,00-0038807,Ivan Pace Jr.,LB,LB,CONTROL,2.0604928583205284,1,1,True,,False,-1.0604928583205284
1,2026_01_GB_MIN,GB,MIN,00-0039112,Lukas Van Ness,LB,LB,CONTROL,3.0274913505761627,4,4,True,,False,0.9725086494238373
1,2026_01_GB_MIN,MIN,GB,00-0039421,Levi Drake Rodriguez,DL,DL,CONTROL,2.4817217269320784,3,3,True,,False,0.5182782730679216
1,2026_01_GB_MIN,MIN,GB,00-0039718,Bo Richter,LB,LB,CONTROL,1.0582894809771937,0,0,False,,False,-1.0582894809771937
1,2026_01_GB_MIN,GB,MIN,00-0039812,Ty'Ron Hopper,LB,LB,CONTROL,3.6393452597908995,0,0,False,,False,-3.6393452597908995
1,2026_01_GB_MIN,GB,MIN,00-0039813,Evan Williams,DB,DB,CONTROL,3.5155128039409402,7,7,True,,False,3.4844871960590598
1,2026_01_GB_MIN,GB,MIN,00-0039818,Kitan Oladapo,DB,DB,CONTROL,2.8441931395215763,0,0,False,,False,-2.8441931395215763
1,2026_01_GB_MIN,GB,MIN,00-0039831,Kamal Hadden,DB,DB,CONTROL,1.8139910440541978,0,0,False,,False,-1.8139910440541978
1,2026_01_GB_MIN,GB,MIN,00-0039850,Edgerrin Cooper,LB,LB,CONTROL,6.410594787176218,7,7,True,,False,0.5894052128237819
1,2026_01_GB_MIN,GB,MIN,00-0039867,Javon Bullard,DB,DB,CONTROL,2.945038662561616,1,1,True,,False,-1.945038662561616
1,2026_01_GB_MIN,MIN,GB,00-0039924,Dallas Turner,LB,LB,CONTROL,4.376516479911466,2,2,True,,False,-2.3765164799114658
1,2026_01_GB_MIN,GB,MIN,00-0040010,Barryn Sorrell,LB,EDGE,CONTROL,2.80602020799262,2,2,True,,False,-0.8060202079926202
1,2026_01_GB_MIN,MIN,GB,00-0040173,Tyrion Ingram-Dawkins,DL,DL,CONTROL,1.2490061180556424,2,2,True,,False,0.7509938819443576
1,2026_01_GB_MIN,MIN,GB,00-0040496,Chaz Chambliss,LB,LB,CONTROL,0.9627163103454681,0,0,False,,False,-0.9627163103454681
1,2026_01_GB_MIN,MIN,GB,00-0040507,Zemaiah Vaughn,DB,DB,CONTROL,1.7758072959484614,0,0,False,,False,-1.7758072959484614
1,2026_01_GB_MIN,MIN,GB,00-0040624,Elijah Williams,DL,DL,CONTROL,0.9095636677676501,0,0,False,,False,-0.9095636677676501
1,2026_01_GB_MIN,GB,MIN,00-0040689,Anthony Campbell,DL,DL,CONTROL,0.7916058125797731,0,0,False,,False,-0.7916058125797731
1,2026_01_GB_MIN,GB,MIN,00-0040869,Chris McClellan,DL,DL,CONTROL,0.7916058125797731,1,1,True,,False,0.20839418742022686
1,2026_01_GB_MIN,GB,MIN,00-0040877,Dani Dennis-Sutton,LB,LB,CONTROL,1.7673425940584626,1,1,True,,False,-0.7673425940584626
1,2026_01_GB_MIN,MIN,GB,00-0041033,Caleb Banks,DL,DL,CONTROL,0.84404374812324,0,0,True,,False,-0.84404374812324
1,2026_01_GB_MIN,MIN,GB,00-0041046,Domonique Orange,DL,DL,CONTROL,0.84404374812324,2,2,True,,False,1.15595625187676
1,2026_01_GB_MIN,MIN,GB,00-0041054,Jakobe Thomas,DB,DB,CONTROL,1.7758072959484614,0,0,False,,False,-1.7758072959484614
1,2026_01_GB_MIN,MIN,GB,00-0041083,Charles Demmings,DB,DB,CONTROL,1.7758072959484614,0,0,False,,False,-1.7758072959484614
1,2026_01_GB_MIN,MIN,GB,00-0041354,Jacob Thomas,DB,DB,CONTROL,1.7758072959484614,0,0,True,,False,-1.7758072959484614
1,2026_01_GB_MIN,GB,MIN,00-0041470,Brandon Cisse,DB,DB,CONTROL,1.77574723402011,1,1,True,,False,-0.7757472340201099
1,2026_01_GB_MIN,MIN,GB,00-0041495,Jake Golday,LB,LB,CONTROL,1.8376480975112128,0,0,False,,False,-1.8376480975112128
1,2026_01_MIA_LV,LV,MIA,00-0033381,Adam Butler,DL,DL,CONTROL,2.260069805579894,1,1,True,,False,-1.260069805579894
1,2026_01_MIA_LV,LV,MIA,00-0034275,Foley Fatukasi,DL,DL,CONTROL,1.7781221847879354,4,4,True,,False,2.2218778152120646
1,2026_01_MIA_LV,MIA,LV,00-0034285,Zach Sieler,DL,DL,CONTROL,2.301674548975061,3,3,True,,False,0.6983254510249388
1,2026_01_MIA_LV,LV,MIA,00-0034376,Taron Johnson,DB,DB,CONTROL,4.307069922011024,3,3,True,,False,-1.3070699220110242
1,2026_01_MIA_LV,MIA,LV,00-0034779,Ronnie Harrison,LB,LB,CONTROL,2.7300048358443876,0,0,False,,False,-2.7300048358443876
1,2026_01_MIA_LV,LV,MIA,00-0034973,Maxx Crosby,DL,DL,CONTROL,4.716671367480017,2,2,True,,False,-2.716671367480017
1,2026_01_MIA_LV,MIA,LV,00-0035692,Clelin Ferrell,DL,DL,CONTROL,2.511980918050183,1,1,True,,False,-1.5119809180501829
1,2026_01_MIA_LV,MIA,LV,00-0036159,Joshua Uche,LB,LB,CONTROL,3.112695339163857,4,4,True,,False,0.887304660836143
1,2026_01_MIA_LV,LV,MIA,00-0036293,Jeremy Chinn,DB,DB,CONTROL,6.508368678279988,4,5,True,,False,-2.5083686782799877
1,2026_01_MIA_LV,MIA,LV,00-0036362,Willie Gay Jr.,LB,LB,CONTROL,2.09200704367471,1,1,True,,False,-1.0920070436747098
1,2026_01_MIA_LV,MIA,LV,00-0036409,Jordyn Brooks,LB,LB,CONTROL,7.566377343109909,9,9,True,,False,1.4336226568900914
1,2026_01_MIA_LV,LV,MIA,00-0036479,Kwity Paye,DL,DL,CONTROL,2.396735014533076,6,6,True,,False,3.603264985466924
1,2026_01_MIA_LV,MIA,LV,00-0036677,Zayne Anderson,DB,DB,CONTROL,1.1289600233228414,5,5,True,,False,3.8710399766771584
1,2026_01_MIA_LV,MIA,LV,00-0036682,Malik Herring,DL,DL,CONTROL,0.7658658039551299,1,1,True,,False,0.23413419604487007
1,2026_01_MIA_LV,LV,MIA,00-0036901,Eric Stokes,DB,DB,CONTROL,3.7234063193661524,2,2,True,,False,-1.7234063193661524
1,2026_01_MIA_LV,LV,MIA,00-0036922,Patrick Johnson,LB,EDGE,CONTROL,1.2359326014190093,0,0,True,,False,-1.2359326014190093
1,2026_01_MIA_LV,LV,MIA,00-0036989,Malcolm Koonce,DL,DL,CONTROL,2.0347691666079317,1,1,True,,False,-1.0347691666079317
1,2026_01_MIA_LV,LV,MIA,00-0037074,Quay Walker,LB,LB,CONTROL,7.909352976146807,6,6,True,,False,-1.909352976146807
1,2026_01_MIA_LV,LV,MIA,00-0037262,Thomas Booker,DL,DL,CONTROL,3.1962186612858856,3,3,True,,False,-0.1962186612858856
1,2026_01_MIA_LV,LV,MIA,00-0037461,Tristin McCollum,DB,DB,CONTROL,2.2252068500428592,0,0,False,,False,-2.2252068500428592
1,2026_01_MIA_LV,LV,MIA,00-0037512,Isaiah Pola-Mao,DB,DB,CONTROL,3.6508205354736893,0,0,False,,False,-3.6508205354736893
1,2026_01_MIA_LV,LV,MIA,00-0037527,Segun Olubi,LB,LB,CONTROL,1.544454036761539,0,0,False,,False,-1.544454036761539
1,2026_01_MIA_LV,LV,MIA,00-0037615,Nakobe Dean,LB,LB,CONTROL,4.300062476822827,6,6,True,,False,1.699937523177173
1,2026_01_MIA_LV,MIA,LV,00-0038521,Reese Taylor,DB,DB,CONTROL,1.8493299719384249,0,0,False,,False,-1.8493299719384249
1,2026_01_MIA_LV,LV,MIA,00-0038594,Darrell Luter Jr.,DB,DB,CONTROL,3.8559159815578683,0,0,False,,False,-3.8559159815578683
1,2026_01_MIA_LV,MIA,LV,00-0038603,Rob Beal Jr.,DL,DL,CONTROL,1.2333219587167878,1,1,True,,False,-0.23332195871678785
1,2026_01_MIA_LV,MIA,LV,00-0039156,Julius Brents,DB,DB,CONTROL,3.373018170144413,4,4,True,,False,0.6269818298555871
1,2026_01_MIA_LV,LV,MIA,00-0039374,Tommy Eichenberg,LB,LB,CONTROL,2.2395800698809274,0,0,True,,False,-2.2395800698809274
1,2026_01_MIA_LV,MIA,LV,00-0039390,Marcellas Dial Jr.,DB,DB,CONTROL,2.730769334001878,0,0,False,,False,-2.730769334001878
1,2026_01_MIA_LV,LV,MIA,00-0039423,Jonah Laulu,DL,DL,CONTROL,3.1966383680509662,0,0,True,,False,-3.1966383680509662
1,2026_01_MIA_LV,MIA,LV,00-0039532,Julius Wood,DB,DB,CONTROL,0.6879006660731063,0,0,False,,False,-0.6879006660731063
1,2026_01_MIA_LV,MIA,LV,00-0039911,Chop Robinson,LB,LB,CONTROL,1.9846928713384446,1,1,True,,False,-0.9846928713384446
1,2026_01_MIA_LV,MIA,LV,00-0040066,Jackson Woodard,LB,LB,CONTROL,1.6694374182460312,0,0,True,,False,-1.6694374182460312
1,2026_01_MIA_LV,LV,MIA,00-0040169,Tonka Hemingway,DL,DL,CONTROL,1.3869922996475643,4,4,True,,False,2.6130077003524357
1,2026_01_MIA_LV,MIA,LV,00-0040175,Jordan Phillips,DL,DL,CONTROL,2.406972575026461,4,4,True,,False,1.5930274249735392
1,2026_01_MIA_LV,MIA,LV,00-0040178,Jason Marshall Jr.,DB,DB,CONTROL,2.594407857158007,4,4,True,,False,1.4055921428419929
1,2026_01_MIA_LV,MIA,LV,00-0040182,Dante Trader Jr.,DB,DB,CONTROL,3.073165321495546,3,3,True,,False,-0.07316532149554611
1,2026_01_MIA_LV,LV,MIA,00-0040199,JJ Pegues,DL,DL,CONTROL,1.657094987074905,0,0,False,,False,-1.657094987074905
1,2026_01_MIA_LV,LV,MIA,00-0040228,Cody Lindenberg,LB,LB,CONTROL,1.808285083549469,0,0,False,,False,-1.808285083549469
1,2026_01_MIA_LV,MIA,LV,00-0040248,Zeek Biggers,DL,DL,CONTROL,2.121464805402691,2,2,True,,False,-0.12146480540269078
1,2026_01_MIA_LV,LV,MIA,00-0040641,Darien Porter,DB,DB,CONTROL,2.8923040785562892,2,2,True,,False,-0.8923040785562892
1,2026_01_MIA_LV,MIA,LV,00-0040655,Keith Cooper Jr.,DL,DL,CONTROL,0.35057732909459405,0,0,True,,False,-0.35057732909459405
1,2026_01_MIA_LV,LV,MIA,00-0040868,Treydan Stukes,DB,DB,CONTROL,1.8397630600376882,5,5,True,,False,3.160236939962312
1,2026_01_MIA_LV,LV,MIA,00-0040883,Dalton Johnson,DB,DB,CONTROL,1.8397630600376882,0,0,False,,False,-1.8397630600376882
1,2026_01_MIA_LV,LV,MIA,00-0040889,Hezekiah Masses,DB,DB,CONTROL,1.8397630600376882,0,0,True,,False,-1.8397630600376882
1,2026_01_MIA_LV,MIA,LV,00-0041522,Jacob Rodriguez,LB,LB,CONTROL,1.6694374182460312,14,14,True,,False,12.330562581753968
1,2026_01_MIA_LV,MIA,LV,00-0041527,Kyle Louis,LB,LB,CONTROL,1.6694374182460312,0,0,True,,False,-1.6694374182460312
1,2026_01_MIA_LV,MIA,LV,00-0041528,Michael Taaffe,DB,DB,CONTROL,1.8493299719384249,4,4,True,,False,2.150670028061575
1,2026_01_MIA_LV,MIA,LV,00-0041533,Chris Johnson,DB,DB,CONTROL,1.8493299719384249,11,11,True,,False,9.150670028061576
1,2026_01_MIA_LV,LV,MIA,00-0041563,Jermod McCoy,DB,DB,CONTROL,1.8397630600376882,0,0,False,,False,-1.8397630600376882
1,2026_01_WAS_PHI,PHI,WAS,00-0032580,Jonathan Jones,DB,DB,CONTROL,4.379953824146203,0,0,False,,False,-4.379953824146203
1,2026_01_WAS_PHI,WAS,PHI,00-0033551,Rasul Douglas,DB,DB,CONTROL,4.355310997343944,1,1,True,,False,-3.3553109973439437
1,2026_01_WAS_PHI,WAS,PHI,00-0033918,Fabian Moreau,DB,DB,CONTROL,1.6182590440696594,0,0,False,,False,-1.6182590440696594
1,2026_01_WAS_PHI,WAS,PHI,00-0034302,Frankie Luvu,LB,LB,CONTROL,4.678519193966899,4,4,True,,False,-0.6785191939668991
1,2026_01_WAS_PHI,WAS,PHI,00-0034333,Daron Payne,DL,DL,CONTROL,2.719331928274589,1,1,True,,False,-1.7193319282745891
1,2026_01_WAS_PHI,WAS,PHI,00-0034397,Tim Settle,DL,DL,CONTROL,1.7991109951402346,3,3,True,,False,1.2008890048597654
1,2026_01_WAS_PHI,WAS,PHI,00-0034465,Jeremy Reaves,DB,DB,CONTROL,5.3767104679817335,4,4,True,,False,-1.3767104679817335
1,2026_01_WAS_PHI,PHI,WAS,00-0034993,Marcus Epps,DB,DB,CONTROL,4.877961928233192,7,7,True,,False,2.1220380717668084
1,2026_01_WAS_PHI,WAS,PHI,00-0035279,Charles Omenihu,DL,DL,CONTROL,2.044331581621169,0,0,True,,False,-2.044331581621169
1,2026_01_WAS_PHI,WAS,PHI,00-0035409,Shy Tuttle,DL,DL,CONTROL,1.235063522183177,1,1,True,,False,-0.23506352218317694
1,2026_01_WAS_PHI,PHI,WAS,00-0036192,A.J. Epenesa,DL,EDGE,CONTROL,3.5764117303846965,1,1,True,,False,-2.5764117303846965
1,2026_01_WAS_PHI,WAS,PHI,00-0036260,Javon Kinlaw,DL,DL,CONTROL,3.1064471758250485,2,2,True,,False,-1.1064471758250485
1,2026_01_WAS_PHI,WAS,PHI,00-0036286,K'Lavon Chaisson,LB,LB,CONTROL,2.4941462892884085,0,0,True,,False,-2.4941462892884085
1,2026_01_WAS_PHI,WAS,PHI,00-0036375,Amik Robertson,DB,DB,CONTROL,2.9753613738438207,6,6,True,,False,3.0246386261561793
1,2026_01_WAS_PHI,PHI,WAS,00-0036418,Zack Baun,LB,LB,CONTROL,7.040982887230306,12,12,True,,False,4.959017112769694
1,2026_01_WAS_PHI,PHI,WAS,00-0036501,Michael Carter II,DB,DB,CONTROL,3.2201305182559725,0,0,True,,False,-3.2201305182559725
1,2026_01_WAS_PHI,WAS,PHI,00-0036940,Odafe Oweh,LB,LB,CONTROL,2.711523847685203,3,3,True,,False,0.28847615231479695
1,2026_01_WAS_PHI,PHI,WAS,00-0037073,Jordan Davis,DL,DL,CONTROL,3.8063010644691753,8,8,True,,False,4.193698935530825
1,2026_01_WAS_PHI,PHI,WAS,00-0037079,Riq Woolen,DB,DB,CONTROL,2.445941995505058,1,1,False,,False,-1.4459419955050579
1,2026_01_WAS_PHI,WAS,PHI,00-0037616,Nick Cross,DB,DB,CONTROL,6.213643499328082,8,8,True,,False,1.7863565006719178
1,2026_01_WAS_PHI,WAS,PHI,00-0037819,Leo Chenal,LB,LB,CONTROL,4.301571484579519,3,3,True,,False,-1.3015714845795188
1,2026_01_WAS_PHI,WAS,PHI,00-0038100,Percy Butler,DB,DB,CONTROL,0.7190792682313213,0,0,False,,False,-0.7190792682313213
1,2026_01_WAS_PHI,PHI,WAS,00-0038116,Arnold Ebiketie,LB,LB,CONTROL,1.7389651441155252,1,1,True,,False,-0.7389651441155252
1,2026_01_WAS_PHI,PHI,WAS,00-0038386,Jalen Carter,DL,DL,CONTROL,3.1987741104813683,3,3,True,,False,-0.19877411048136828
1,2026_01_WAS_PHI,PHI,WAS,00-0038412,Moro Ojomo,DL,DL,CONTROL,2.2050763822719937,3,3,True,,False,0.7949236177280063
1,2026_01_WAS_PHI,PHI,WAS,00-0038978,Byron Young,DL,DL,CONTROL,3.3323652496532605,1,1,True,,False,-2.3323652496532605
1,2026_01_WAS_PHI,PHI,WAS,00-0039013,Nolan Smith,LB,LB,CONTROL,2.789105855335403,2,2,True,,False,-0.7891058553354031
1,2026_01_WAS_PHI,PHI,WAS,00-0039140,Kelee Ringo,DB,DB,CONTROL,2.8622358798866636,0,0,False,,False,-2.8622358798866636
1,2026_01_WAS_PHI,WAS,PHI,00-0039149,Quan Martin,DB,DB,CONTROL,2.528950714084305,2,2,True,,False,-0.528950714084305
1,2026_01_WAS_PHI,WAS,PHI,00-0039368,Jordan Magee,LB,LB,CONTROL,3.7490900610087277,1,1,True,,False,-2.7490900610087277
1,2026_01_WAS_PHI,WAS,PHI,00-0039412,Javontae Jean-Baptiste,LB,LB,CONTROL,2.1260077288994634,0,0,True,,False,-2.1260077288994634
1,2026_01_WAS_PHI,WAS,PHI,00-0039681,Tyler Owens,DB,DB,CONTROL,0.9188736707465407,0,0,False,,False,-0.9188736707465407
1,2026_01_WAS_PHI,PHI,WAS,00-0039740,Jalyx Hunt,LB,LB,CONTROL,3.366082227391462,3,3,True,,False,-0.3660822273914621
1,2026_01_WAS_PHI,PHI,WAS,00-0039826,Jeremiah Trotter Jr.,LB,LB,CONTROL,5.017243129532485,0,0,False,,False,-5.017243129532485
1,2026_01_WAS_PHI,PHI,WAS,00-0039841,Cooper DeJean,DB,DB,CONTROL,4.519486894096612,8,8,True,,False,3.4805131059033876
1,2026_01_WAS_PHI,PHI,WAS,00-0039888,Quinyon Mitchell,DB,DB,CONTROL,2.6427714337672645,2,2,True,,False,-0.6427714337672645
1,2026_01_WAS_PHI,WAS,PHI,00-0039898,Mike Sainristil,DB,DB,CONTROL,4.732215244503678,5,5,True,,False,0.2677847554963222
1,2026_01_WAS_PHI,PHI,WAS,00-0040013,Smael Mondon Jr.,LB,LB,CONTROL,1.0112612367574858,0,0,False,,False,-1.0112612367574858
1,2026_01_WAS_PHI,PHI,WAS,00-0040071,Mac McWilliams,DB,DB,CONTROL,1.3185594028932202,0,0,False,,False,-1.3185594028932202
1,2026_01_WAS_PHI,WAS,PHI,00-0040216,Kain Medrano,LB,LB,CONTROL,1.8040971916052884,0,0,False,,False,-1.8040971916052884
1,2026_01_WAS_PHI,WAS,PHI,00-0040314,Ricky Barber,DL,DL,CONTROL,1.4972358638259748,0,0,False,,False,-1.4972358638259748
1,2026_01_WAS_PHI,PHI,WAS,00-0040662,Ty Robinson,DL,DL,CONTROL,1.8336207765492647,0,0,False,,False,-1.8336207765492647
1,2026_01_WAS_PHI,PHI,WAS,00-0040708,Jihaad Campbell,LB,LB,CONTROL,5.330388211688932,9,9,True,,False,3.6696117883110677
1,2026_01_WAS_PHI,PHI,WAS,00-0040749,Andrew Mukuba,DB,DB,CONTROL,4.302857202634415,1,1,True,,False,-3.3028572026344154
1,2026_01_WAS_PHI,WAS,PHI,00-0041028,Sonny Styles,LB,LB,CONTROL,1.8040971916052884,4,4,True,,False,2.1959028083947114
1,2026_01_WAS_PHI,WAS,PHI,00-0041074,Joshua Josephs,LB,LB,CONTROL,1.8040971916052884,0,0,True,,False,-1.8040971916052884
2,2026_02_NO_BAL,BAL,NO,00-0026190,Calais Campbell,DL,EDGE,CONTROL,2.0303860695467155,1,1,True,STARTER_CONFLICT_REVIEW,True,-1.0303860695467155
2,2026_02_WAS_DAL,DAL,WAS,00-0027940,Von Miller,LB,LB,CONTROL,1.6639177074359282,1,1,True,ROLE_ALIGNED,True,-0.6639177074359282
2,2026_02_NO_BAL,NO,BAL,00-0027962,Cameron Jordan,LB,EDGE,CONTROL,3.3463639049821046,2,2,True,STARTER_CONFLICT_REVIEW,True,-1.3463639049821046
2,2026_02_PIT_NE,PIT,NE,00-0027969,Cameron Heyward,DL,EDGE,CONTROL,3.8085337050426165,3,3,True,STARTER_CONFLICT_REVIEW,True,-0.8085337050426165
2,2026_02_MIN_CHI,MIN,CHI,00-0029606,Harrison Smith,DB,DB,CONTROL,2.3990723731515757,3,3,True,ROLE_ALIGNED,True,0.6009276268484243
2,2026_02_GB_NYJ,NYJ,GB,00-0029607,Demario Davis,LB,LB,CONTROL,7.527551262491981,3,4,True,ROLE_ALIGNED,True,-4.527551262491981
2,2026_02_NO_BAL,BAL,NO,00-0030070,John Jenkins,DL,DL,CONTROL,1.7181518586496558,2,2,True,ROLE_ALIGNED,True,0.2818481413503442
2,2026_02_LV_LAC,LAC,LV,00-0030294,Tony Jefferson,DB,DB,CONTROL,3.692591495197344,6,6,True,ROLE_ALIGNED,True,2.307408504802656
2,2026_02_LV_LAC,LAC,LV,00-0031040,Khalil Mack,LB,LB,CONTROL,3.6495322055266013,3,3,True,ROLE_ALIGNED,True,-0.6495322055266013
2,2026_02_PIT_NE,NE,PIT,00-0031054,DaQuan Jones,DL,EDGE,CONTROL,2.355361324215665,1,1,True,ROLE_ALIGNED,True,-1.3553613242156648
2,2026_02_NYG_LA,NYG,LA,00-0031270,Shelby Harris,DL,EDGE,CONTROL,2.033390909106263,1,1,True,STARTER_CONFLICT_REVIEW,True,-1.033390909106263
2,2026_02_CIN_HOU,HOU,CIN,00-0031364,Jadeveon Clowney,DL,EDGE,CONTROL,2.260273116024053,0,0,False,ROLE_ALIGNED,True,-2.260273116024053
2,2026_02_NYG_LA,LA,NYG,00-0031388,Aaron Donald,DL,EDGE,CONTROL,3.1781694545611496,3,3,True,ROLE_ALIGNED,True,-0.17816945456114963
2,2026_02_SEA_ARI,SEA,ARI,00-0031411,DeMarcus Lawrence,LB,LB,CONTROL,3.4273822958985476,0,0,True,STARTER_CONFLICT_REVIEW,True,-3.4273822958985476
2,2026_02_CIN_HOU,HOU,CIN,00-0031565,Danielle Hunter,DL,EDGE,CONTROL,2.6716535364790133,1,1,True,ROLE_ALIGNED,True,-1.6716535364790133
2,2026_02_CAR_ATL,ATL,CAR,00-0031576,Za'Darius Smith,LB,EDGE,CONTROL,1.4561939018569994,2,2,True,STARTER_CONFLICT_REVIEW,True,0.5438060981430006
2,2026_02_MIN_CHI,CHI,MIN,00-0031583,Grady Jarrett,DL,DL,CONTROL,3.2653004359058024,2,2,True,ROLE_ALIGNED,True,-1.2653004359058024
2,2026_02_JAX_DEN,DEN,JAX,00-0031898,Alex Singleton,LB,LB,CONTROL,7.911322693853672,9,9,True,ROLE_ALIGNED,True,1.0886773061463284
2,2026_02_SEA_ARI,SEA,ARI,00-0031933,Leonard Williams,DL,EDGE,CONTROL,2.85416423065466,6,6,True,ROLE_ALIGNED,True,3.14583576934534
2,2026_02_CLE_TB,TB,CLE,00-0031957,Rakeem Nunez-Roches,DL,DL,CONTROL,1.5886232493600225,1,1,True,ROLE_ALIGNED,True,-0.5886232493600225
2,2026_02_SEA_ARI,SEA,ARI,00-0032052,Dante Fowler Jr.,LB,LB,CONTROL,1.4915978825290381,0,0,True,ROLE_ALIGNED,True,-1.4915978825290381
2,2026_02_LV_LAC,LAC,LV,00-0032146,Bud Dupree,LB,LB,CONTROL,1.635333955463189,1,1,True,ROLE_ALIGNED,True,-0.6353339554631889
2,2026_02_JAX_DEN,JAX,DEN,00-0032164,Arik Armstead,DL,DL,CONTROL,1.8693461795995276,1,1,True,STARTER_CONFLICT_REVIEW,True,-0.8693461795995276
2,2026_02_CIN_HOU,HOU,CIN,00-0032265,Mario Edwards,DL,DL,CONTROL,1.4275626566471777,4,4,True,ROLE_ALIGNED,True,2.5724373433528225
2,2026_02_IND_KC,IND,KC,00-0032378,DeForest Buckner,DL,DL,CONTROL,3.9864957909512504,5,5,True,ROLE_ALIGNED,True,1.0135042090487496
2,2026_02_SEA_ARI,SEA,ARI,00-0032387,Jarran Reed,DL,EDGE,CONTROL,2.0076945908391735,1,1,True,STARTER_CONFLICT_REVIEW,True,-1.0076945908391735
2,2026_02_CLE_TB,TB,CLE,00-0032399,Miles Killebrew,DB,DB,CONTROL,0.7400485840115603,0,0,False,ROLE_ALIGNED,True,-0.7400485840115603
2,2026_02_NYG_LA,NYG,LA,00-0032424,DJ Reader,DL,DL,CONTROL,2.097182142969334,3,3,True,STARTER_CONFLICT_REVIEW,True,0.9028178570306662
2,2026_02_PHI_TEN,PHI,TEN,00-0032580,Jonathan Jones,DB,DB,CONTROL,4.533289598417148,0,0,True,REVIEW_BACKUP_CONFLICT,False,-4.533289598417148
2,2026_02_CIN_HOU,HOU,CIN,00-0032759,Sheldon Rankins,DL,DL,CONTROL,2.6460893883219887,3,3,True,STARTER_CONFLICT_REVIEW,True,0.3539106116780113
2,2026_02_IND_KC,KC,IND,00-0032762,Chris Jones,DL,DL,CONTROL,1.6690471250603534,6,6,True,STARTER_CONFLICT_REVIEW,True,4.330952874939647
2,2026_02_CLE_TB,TB,CLE,00-0032889,A'Shawn Robinson,DL,EDGE,CONTROL,3.290351472266375,5,5,True,STARTER_CONFLICT_REVIEW,True,1.7096485277336249
2,2026_02_JAX_DEN,JAX,DEN,00-0033038,Eric Murray,DB,DB,CONTROL,3.5523130203607254,2,2,True,ROLE_ALIGNED,True,-1.5523130203607254
2,2026_02_GB_NYJ,NYJ,GB,00-0033051,David Onyemata,DL,DL,CONTROL,3.9689717179778845,0,0,True,ROLE_ALIGNED,True,-3.9689717179778845
2,2026_02_PIT_NE,PIT,NE,00-0033055,Jalen Ramsey,DB,DB,CONTROL,5.539990858458135,5,5,True,ROLE_ALIGNED,True,-0.5399908584581352
2,2026_02_SEA_ARI,ARI,SEA,00-0033066,Andrew Billings,DL,DL,CONTROL,2.044325865686279,0,0,False,ROLE_ALIGNED,True,-2.044325865686279
2,2026_02_WAS_DAL,DAL,WAS,00-0033093,Jonathan Bullard,DL,DL,CONTROL,1.8410343857365636,0,0,True,ROLE_ALIGNED,True,-1.8410343857365636
2,2026_02_GB_NYJ,GB,NYJ,00-0033109,Javon Hargrave,DL,DL,CONTROL,2.2911948635395554,0,0,False,STARTER_CONFLICT_REVIEW,True,-2.2911948635395554
2,2026_02_WAS_DAL,DAL,WAS,00-0033120,Kenny Clark,DL,EDGE,CONTROL,2.4822416551269773,3,3,True,ROLE_ALIGNED,True,0.5177583448730227
2,2026_02_CLE_TB,CLE,TB,00-0033131,Maliek Collins,DL,DL,CONTROL,1.5524319339283856,2,2,True,STARTER_CONFLICT_REVIEW,True,0.44756806607161437
2,2026_02_PIT_NE,NE,PIT,00-0033132,Kevin Byard,DB,DB,CONTROL,5.398358045206468,4,4,True,ROLE_ALIGNED,True,-1.398358045206468
2,2026_02_NO_BAL,BAL,NO,00-0033281,Marlon Humphrey,DB,DB,CONTROL,4.567863260285,4,4,True,ROLE_ALIGNED,True,-0.5678632602849998
2,2026_02_DET_BUF,DET,BUF,00-0033294,Chuck Clark,DB,DB,CONTROL,2.9110207106971417,11,11,True,STARTER_CONFLICT_REVIEW,True,8.08897928930286
2,2026_02_JAX_DEN,DEN,JAX,00-0033297,D.J. Jones,DL,DL,CONTROL,2.875774477008383,1,1,True,STARTER_CONFLICT_REVIEW,True,-1.8757744770083828
2,2026_02_MIN_CHI,MIN,CHI,00-0033336,Eric Wilson,LB,LB,CONTROL,5.902068728659956,7,7,True,ROLE_ALIGNED,True,1.0979312713400438
2,2026_02_LV_LAC,LV,LAC,00-0033381,Adam Butler,DL,DL,CONTROL,2.2744877782878814,1,1,True,STARTER_CONFLICT_REVIEW,True,-1.2744877782878814
2,2026_02_CIN_HOU,CIN,HOU,00-0033523,Jonathan Allen,DL,DL,CONTROL,3.203451537779928,3,3,True,STARTER_CONFLICT_REVIEW,True,-0.20345153777992797
2,2026_02_LV_LAC,LAC,LV,00-0033546,Dalvin Tomlinson,DL,DL,CONTROL,1.8184015852724265,4,4,True,STARTER_CONFLICT_REVIEW,True,2.1815984147275733
2,2026_02_NO_BAL,BAL,NO,00-0033548,Chidobe Awuzie,DB,DB,CONTROL,2.2920781427865613,0,0,True,ROLE_ALIGNED,True,-2.2920781427865613
2,2026_02_WAS_DAL,WAS,DAL,00-0033551,Rasul Douglas,DB,DB,CONTROL,3.129807444688084,3,3,True,STARTER_CONFLICT_REVIEW,True,-0.12980744468808414
2,2026_02_MIN_CHI,CHI,MIN,00-0033579,Xavier Woods,DB,DB,CONTROL,2.092554354006446,2,2,True,STARTER_CONFLICT_REVIEW,True,-0.09255435400644618
2,2026_02_NO_BAL,NO,BAL,00-0033860,Davon Godchaux,DL,DL,CONTROL,2.5405336768333426,1,1,True,STARTER_CONFLICT_REVIEW,True,-1.5405336768333426
2,2026_02_NYG_LA,LA,NYG,00-0033868,Myles Garrett,LB,LB,CONTROL,2.8177291659031707,0,0,False,REVIEW_BACKUP_CONFLICT,False,-2.8177291659031707
2,2026_02_PHI_TEN,TEN,PHI,00-0033870,Solomon Thomas,DL,DL,CONTROL,1.345751507367973,3,3,True,ROLE_ALIGNED,True,1.654248492632027
2,2026_02_CLE_TB,CLE,TB,00-0033876,Derek Barnett,DL,EDGE,CONTROL,1.6244850833106348,2,2,True,ROLE_ALIGNED,True,0.3755149166893652
2,2026_02_WAS_DAL,DAL,WAS,00-0033877,Malik Hooker,DB,DB,CONTROL,2.8009285767625083,0,0,False,STARTER_CONFLICT_REVIEW,True,-2.8009285767625083
2,2026_02_PIT_NE,PIT,NE,00-0033886,T.J. Watt,LB,LB,CONTROL,3.4145771309050748,4,4,True,ROLE_ALIGNED,True,0.5854228690949252
2,2026_02_SEA_ARI,ARI,SEA,00-0033890,Budda Baker,DB,DB,CONTROL,7.098556412695796,11,11,True,ROLE_ALIGNED,True,3.901443587304204
2,2026_02_CLE_TB,TB,CLE,00-0033914,Alex Anzalone,LB,LB,CONTROL,5.411535295169619,8,8,True,ROLE_ALIGNED,True,2.588464704830381
2,2026_02_WAS_DAL,WAS,DAL,00-0033918,Fabian Moreau,DB,DB,CONTROL,1.6594522419525586,0,0,False,ROLE_ALIGNED,True,-1.6594522419525586
2,2026_02_JAX_DEN,JAX,DEN,00-0033928,Jourdan Lewis,DB,DB,CONTROL,3.1855413979270764,4,4,True,STARTER_CONFLICT_REVIEW,True,0.8144586020729236
2,2026_02_NO_BAL,BAL,NO,00-0033935,Trey Hendrickson,LB,LB,CONTROL,2.6847105429534457,3,3,True,STARTER_CONFLICT_REVIEW,True,0.3152894570465543
2,2026_02_PIT_NE,PIT,NE,00-0033941,Rayshawn Jenkins,DB,DB,CONTROL,2.6782173153254094,5,5,True,STARTER_CONFLICT_REVIEW,True,2.3217826846745906
2,2026_02_CAR_ATL,ATL,CAR,00-0033945,Samson Ebukam,DL,DL,CONTROL,2.521318754980694,2,2,True,STARTER_CONFLICT_REVIEW,True,-0.5213187549806939
2,2026_02_IND_KC,IND,KC,00-0033952,Grover Stewart,DL,DL,CONTROL,2.5822186447058177,4,4,True,STARTER_CONFLICT_REVIEW,True,1.4177813552941823
2,2026_02_CLE_TB,TB,CLE,00-0033964,Al-Quadin Muhammad,LB,LB,CONTROL,1.6723317682047838,0,0,True,ROLE_ALIGNED,True,-1.6723317682047838
2,2026_02_PHI_TEN,TEN,PHI,00-0034163,Jacob Martin,DL,EDGE,CONTROL,1.6909349696352014,1,1,True,ROLE_ALIGNED,True,-0.6909349696352014
2,2026_02_NYG_LA,LA,NYG,00-0034234,Poona Ford,DL,DL,CONTROL,2.5730592450400978,4,4,True,STARTER_CONFLICT_REVIEW,True,1.4269407549599022
2,2026_02_NYG_LA,NYG,LA,00-0034248,Elijah Campbell,DB,DB,CONTROL,1.2335222825350174,0,0,False,ROLE_ALIGNED,True,-1.2335222825350174
2,2026_02_LV_LAC,LV,LAC,00-0034275,Foley Fatukasi,DL,EDGE,CONTROL,2.0900502052330108,2,2,True,ROLE_ALIGNED,True,-0.09005020523301077
2,2026_02_CIN_HOU,HOU,CIN,00-0034278,Tremon Smith,DB,DB,CONTROL,3.1822000986416814,0,0,False,ROLE_ALIGNED,True,-3.1822000986416814
2,2026_02_MIA_SF,MIA,SF,00-0034285,Zach Sieler,DL,DL,CONTROL,2.587166147697532,1,1,True,ROLE_ALIGNED,True,-1.5871661476975318
2,2026_02_WAS_DAL,WAS,DAL,00-0034302,Frankie Luvu,LB,LB,CONTROL,3.9090528671933154,0,0,False,ROLE_ALIGNED,True,-3.9090528671933154
2,2026_02_MIN_CHI,CHI,MIN,00-0034320,Kentavius Street,DL,DL,CONTROL,2.728352564741781,2,2,True,STARTER_CONFLICT_REVIEW,True,-0.728352564741781
2,2026_02_WAS_DAL,WAS,DAL,00-0034333,Daron Payne,DL,DL,CONTROL,2.724923558468168,2,2,True,STARTER_CONFLICT_REVIEW,True,-0.7249235584681681
2,2026_02_SEA_ARI,SEA,ARI,00-0034350,Uchenna Nwosu,LB,LB,CONTROL,2.4865728507266707,1,1,True,STARTER_CONFLICT_REVIEW,True,-1.4865728507266707
2,2026_02_LV_LAC,LAC,LV,00-0034356,Donte Jackson,DB,DB,CONTROL,1.7689477680372707,5,5,True,STARTER_CONFLICT_REVIEW,True,3.231052231962729
2,2026_02_NO_BAL,NO,BAL,00-0034361,Justin Reid,DB,DB,CONTROL,5.675889568359847,3,3,True,ROLE_ALIGNED,True,-2.675889568359847
2,2026_02_CAR_ATL,ATL,CAR,00-0034371,Da'Shawn Hand,DL,EDGE,CONTROL,1.3404874759881467,0,0,False,ROLE_ALIGNED,True,-1.3404874759881467
2,2026_02_WAS_DAL,WAS,DAL,00-0034373,Dorance Armstrong,LB,EDGE,CONTROL,1.6432920302723708,5,5,True,STARTER_CONFLICT_REVIEW,True,3.356707969727629
2,2026_02_LV_LAC,LV,LAC,00-0034376,Taron Johnson,DB,DB,CONTROL,4.669513438702977,3,3,True,ROLE_ALIGNED,True,-1.6695134387029773
2,2026_02_DET_BUF,DET,BUF,00-0034377,Avonte Maddox,DB,DB,CONTROL,4.883633932203349,3,3,True,ROLE_ALIGNED,True,-1.8836339322033488
2,2026_02_SEA_ARI,ARI,SEA,00-0034381,Josh Sweat,LB,EDGE,CONTROL,2.406158293217669,1,1,True,STARTER_CONFLICT_REVIEW,True,-1.4061582932176688
2,2026_02_DET_BUF,DET,BUF,00-0034384,D.J. Reed,DB,DB,CONTROL,4.950077501120416,6,6,True,ROLE_ALIGNED,True,1.0499224988795843
2,2026_02_MIA_SF,SF,MIA,00-0034391,Siran Neal,DB,DB,CONTROL,0.9576572449724583,0,0,False,ROLE_ALIGNED,True,-0.9576572449724583
2,2026_02_WAS_DAL,WAS,DAL,00-0034397,Tim Settle,DL,EDGE,CONTROL,1.7115833942466212,2,2,True,STARTER_CONFLICT_REVIEW,True,0.2884166057533788
2,2026_02_JAX_DEN,JAX,DEN,00-0034413,Foye Oluokun,LB,LB,CONTROL,7.162435820749219,7,7,True,ROLE_ALIGNED,True,-0.16243582074921914
2,2026_02_GB_NYJ,GB,NYJ,00-0034431,Zaire Franklin,LB,LB,CONTROL,7.466006942361136,7,7,True,ROLE_ALIGNED,True,-0.46600694236113593
2,2026_02_CIN_HOU,CIN,HOU,00-0034446,Jalen Davis,DB,DB,CONTROL,3.65087621038313,3,3,True,ROLE_ALIGNED,True,-0.6508762103831298
2,2026_02_WAS_DAL,WAS,DAL,00-0034465,Jeremy Reaves,DB,DB,CONTROL,5.488518626851839,5,5,True,ROLE_ALIGNED,True,-0.4885186268518389
2,2026_02_JAX_DEN,JAX,DEN,00-0034473,Dennis Gardeck,LB,LB,CONTROL,2.2424856096818178,4,4,True,STARTER_CONFLICT_REVIEW,True,1.7575143903181822
2,2026_02_IND_KC,IND,KC,00-0034485,Jonathan Owens,DB,DB,CONTROL,0.6090849094756677,0,0,False,ROLE_ALIGNED,True,-0.6090849094756677
2,2026_02_IND_KC,IND,KC,00-0034573,Charvarius Ward,DB,DB,CONTROL,3.4355840222386576,2,2,True,ROLE_ALIGNED,True,-1.4355840222386576
2,2026_02_CAR_ATL,ATL,CAR,00-0034639,Mike Ford,DB,DB,CONTROL,2.0144262057644426,0,0,False,ROLE_ALIGNED,True,-2.0144262057644426
2,2026_02_JAX_DEN,JAX,DEN,00-0034657,Matt Dickerson,DL,DL,CONTROL,1.635842320147716,0,0,True,ROLE_ALIGNED,True,-1.635842320147716
2,2026_02_NYG_LA,NYG,LA,00-0034673,Tremaine Edmunds,LB,LB,CONTROL,6.774380302760683,5,5,True,ROLE_ALIGNED,True,-1.774380302760683
2,2026_02_CAR_ATL,ATL,CAR,00-0034675,Jessie Bates,DB,DB,CONTROL,4.838459888910253,6,6,True,ROLE_ALIGNED,True,1.1615401110897468
2,2026_02_PIT_NE,NE,PIT,00-0034720,Robert Spillane,LB,LB,CONTROL,7.060473062667515,6,6,True,ROLE_ALIGNED,True,-1.0604730626675147
2,2026_02_CIN_HOU,CIN,HOU,00-0034754,Oren Burks,LB,LB,CONTROL,1.3336948955404953,0,0,False,STARTER_CONFLICT_REVIEW,True,-1.3336948955404953
2,2026_02_NO_BAL,NO,BAL,00-0034760,Nathan Shepherd,DL,DL,CONTROL,3.2317350589031717,4,4,True,REVIEW_BACKUP_CONFLICT,False,0.7682649410968283
2,2026_02_CLE_TB,TB,CLE,00-0034773,Vita Vea,DL,DL,CONTROL,2.232638583002801,2,2,True,ROLE_ALIGNED,True,-0.23263858300280083
2,2026_02_PIT_NE,NE,PIT,00-0034778,Carlton Davis III,DB,DB,CONTROL,4.76418246724864,0,0,False,ROLE_ALIGNED,True,-4.76418246724864
2,2026_02_MIA_SF,MIA,SF,00-0034779,Ronnie Harrison,LB,LB,CONTROL,3.0547084117225634,0,0,False,ROLE_ALIGNED,True,-3.0547084117225634
2,2026_02_GB_NYJ,NYJ,GB,00-0034782,Harrison Phillips,DL,DL,CONTROL,3.4840820869833355,0,0,True,STARTER_CONFLICT_REVIEW,True,-3.4840820869833355
2,2026_02_GB_NYJ,NYJ,GB,00-0034789,Minkah Fitzpatrick,DB,DB,CONTROL,2.810475250811873,0,0,False,STARTER_CONFLICT_REVIEW,True,-2.810475250811873
2,2026_02_LV_LAC,LAC,LV,00-0034790,Derwin James,DB,DB,CONTROL,5.341484664338302,7,7,True,ROLE_ALIGNED,True,1.658515335661698
2,2026_02_CIN_HOU,CIN,HOU,00-0034800,B.J. Hill,DL,DL,CONTROL,3.148000801377388,0,0,False,ROLE_ALIGNED,True,-3.148000801377388
2,2026_02_CAR_ATL,ATL,CAR,00-0034801,Josh Woods,LB,LB,CONTROL,1.6757332944848582,1,1,True,ROLE_ALIGNED,True,-0.6757332944848582
2,2026_02_PHI_TEN,TEN,PHI,00-0034805,John Franklin-Myers,DL,EDGE,CONTROL,1.8649410353059104,2,2,True,STARTER_CONFLICT_REVIEW,True,0.13505896469408962
2,2026_02_PIT_NE,PIT,NE,00-0034810,Sebastian Joseph-Day,DL,DL,CONTROL,1.8064323230771504,1,1,True,ROLE_ALIGNED,True,-0.8064323230771504
2,2026_02_MIA_SF,SF,MIA,00-0034815,Fred Warner,LB,LB,CONTROL,6.965519164125883,5,5,True,ROLE_ALIGNED,True,-1.9655191641258831
2,2026_02_IND_KC,IND,KC,00-0034825,Arden Key,DL,EDGE,CONTROL,2.5706732981209988,1,1,True,STARTER_CONFLICT_REVIEW,True,-1.5706732981209988
2,2026_02_DET_BUF,BUF,DET,00-0034832,Bradley Chubb,LB,LB,CONTROL,3.245979208967334,4,4,True,ROLE_ALIGNED,True,0.7540207910326662
2,2026_02_CAR_ATL,ATL,CAR,00-0034843,Mike Hughes,DB,DB,CONTROL,4.150467618286862,5,5,True,ROLE_ALIGNED,True,0.8495323817131384
2,2026_02_CLE_TB,CLE,TB,00-0034856,Denzel Ward,DB,DB,CONTROL,3.072590249536827,5,5,True,ROLE_ALIGNED,True,1.9274097504631729
2,2026_02_NO_BAL,BAL,NO,00-0034874,Roquan Smith,LB,LB,CONTROL,8.279261943906677,8,8,True,ROLE_ALIGNED,True,-0.27926194390667725
2,2026_02_WAS_DAL,DAL,WAS,00-0034967,Rashan Gary,LB,LB,CONTROL,2.6790933291992247,3,3,True,STARTER_CONFLICT_REVIEW,True,0.3209066708007753
2,2026_02_LV_LAC,LV,LAC,00-0034973,Maxx Crosby,DL,DL,CONTROL,4.255266193091438,1,1,True,ROLE_ALIGNED,True,-3.2552661930914377
2,2026_02_SEA_ARI,SEA,ARI,00-0034974,Julian Love,DB,DB,CONTROL,4.338340645496561,3,3,True,ROLE_ALIGNED,True,-1.3383406454965607
2,2026_02_MIA_SF,SF,MIA,00-0034982,Dre Greenlaw,LB,LB,CONTROL,5.180189150649436,8,8,True,ROLE_ALIGNED,True,2.8198108493505636
2,2026_02_PHI_TEN,PHI,TEN,00-0034993,Marcus Epps,DB,DB,CONTROL,4.263326188297318,2,2,True,ROLE_ALIGNED,True,-2.2633261882973184
2,2026_02_GB_NYJ,GB,NYJ,00-0035133,Keisean Nixon,DB,DB,CONTROL,3.8018532174843647,7,7,True,ROLE_ALIGNED,True,3.1981467825156353
2,2026_02_SEA_ARI,ARI,SEA,00-0035144,Mack Wilson,LB,LB,CONTROL,7.265459633977666,8,9,True,ROLE_ALIGNED,True,0.7345403660223342
2,2026_02_CIN_HOU,HOU,CIN,00-0035166,Azeez Al-Shaair,LB,LB,CONTROL,6.859617163489033,12,12,True,ROLE_ALIGNED,True,5.140382836510967
2,2026_02_LV_LAC,LAC,LV,00-0035202,Del'Shawn Phillips,LB,LB,CONTROL,3.6165467182453805,7,7,True,STARTER_CONFLICT_REVIEW,True,3.3834532817546195
2,2026_02_WAS_DAL,DAL,WAS,00-0035227,P.J. Locke,DB,DB,CONTROL,2.187510437209242,1,1,True,ROLE_ALIGNED,True,-1.1875104372092422
2,2026_02_DET_BUF,BUF,DET,00-0035230,Ed Oliver,DL,EDGE,CONTROL,2.9468569536545837,0,0,False,ROLE_ALIGNED,True,-2.9468569536545837
2,2026_02_MIN_CHI,MIN,CHI,00-0035236,Byron Murphy,DB,DB,CONTROL,4.153366413121304,7,7,True,ROLE_ALIGNED,True,2.8466335868786956
2,2026_02_JAX_DEN,JAX,DEN,00-0035240,Jahlani Tavai,LB,LB,CONTROL,2.65068171118022,0,0,False,ROLE_ALIGNED,True,-2.65068171118022
2,2026_02_JAX_DEN,DEN,JAX,00-0035248,Zach Allen,DL,EDGE,CONTROL,1.986435178275804,1,1,True,STARTER_CONFLICT_REVIEW,True,-0.9864351782758041
2,2026_02_DET_BUF,BUF,DET,00-0035253,C.J. Gardner-Johnson,DB,DB,CONTROL,4.9013717270445,1,1,True,ROLE_ALIGNED,True,-3.9013717270445003
2,2026_02_CLE_TB,TB,CLE,00-0035254,Anthony Nelson,LB,LB,CONTROL,2.3655617445011043,1,1,True,ROLE_ALIGNED,True,-1.3655617445011043
2,2026_02_IND_KC,KC,IND,00-0035262,Drue Tranquill,LB,LB,CONTROL,7.325276068505693,8,8,True,ROLE_ALIGNED,True,0.6747239314943068
2,2026_02_MIN_CHI,MIN,CHI,00-0035272,Andrew Van Ginkel,LB,LB,CONTROL,4.287084512373722,3,3,True,ROLE_ALIGNED,True,-1.2870845123737222
2,2026_02_MIN_CHI,MIN,CHI,00-0035276,Blake Cashman,LB,LB,CONTROL,10.061150536117204,10,10,True,ROLE_ALIGNED,True,-0.06115053611720356
2,2026_02_CAR_ATL,CAR,ATL,00-0035277,Mike Jackson,DB,DB,CONTROL,4.049604827902224,3,3,True,ROLE_ALIGNED,True,-1.0496048279022236
2,2026_02_WAS_DAL,WAS,DAL,00-0035279,Charles Omenihu,DL,EDGE,CONTROL,1.7364962450103005,0,0,True,ROLE_ALIGNED,True,-1.7364962450103005
2,2026_02_PIT_NE,PIT,NE,00-0035286,Cole Holcomb,LB,LB,CONTROL,2.261622909223052,0,0,False,ROLE_ALIGNED,True,-2.261622909223052
2,2026_02_NO_BAL,NO,BAL,00-0035316,Kaden Elliss,LB,LB,CONTROL,6.533482935069414,6,6,True,ROLE_ALIGNED,True,-0.5334829350694141
2,2026_02_CAR_ATL,CAR,ATL,00-0035352,Tyrel Dodson,LB,LB,CONTROL,6.178149422365254,0,0,False,REVIEW_BACKUP_CONFLICT,False,-6.178149422365254
2,2026_02_MIN_CHI,CHI,MIN,00-0035357,Cam Lewis,DB,DB,CONTROL,4.0480563220898516,5,5,True,ROLE_ALIGNED,True,0.9519436779101484
2,2026_02_SEA_ARI,ARI,SEA,00-0035378,Andrew Wingard,DB,DB,CONTROL,4.919740958496183,8,8,True,ROLE_ALIGNED,True,3.080259041503817
2,2026_02_MIN_CHI,CHI,MIN,00-0035386,T.J. Edwards,LB,LB,CONTROL,5.965004788754481,4,4,True,ROLE_ALIGNED,True,-1.9650047887544808
2,2026_02_NO_BAL,NO,BAL,00-0035402,Carl Granderson,LB,EDGE,CONTROL,3.2712417171025727,5,5,True,ROLE_ALIGNED,True,1.7287582828974273
2,2026_02_WAS_DAL,WAS,DAL,00-0035409,Shy Tuttle,DL,EDGE,CONTROL,1.4266734849489129,0,0,True,ROLE_ALIGNED,True,-1.4266734849489129
2,2026_02_MIA_SF,SF,MIA,00-0035413,Luke Gifford,LB,LB,CONTROL,1.0015563521393132,0,0,True,STARTER_CONFLICT_REVIEW,True,-1.0015563521393132
2,2026_02_MIN_CHI,CHI,MIN,00-0035525,Devin Bush,LB,LB,CONTROL,7.521474415621083,4,4,True,ROLE_ALIGNED,True,-3.521474415621083
2,2026_02_PHI_TEN,TEN,PHI,00-0035632,Amani Hooker,DB,DB,CONTROL,5.3885711553871545,6,6,True,ROLE_ALIGNED,True,0.6114288446128455
2,2026_02_SEA_ARI,ARI,SEA,00-0035636,L.J. Collier,DL,DL,CONTROL,1.6878362818746375,2,2,True,ROLE_ALIGNED,True,0.3121637181253625
2,2026_02_DET_BUF,DET,BUF,00-0035637,Rock Ya-Sin,DB,DB,CONTROL,4.2343041847889715,6,6,True,ROLE_ALIGNED,True,1.7656958152110285
2,2026_02_JAX_DEN,JAX,DEN,00-0035642,Josh Hines-Allen,DL,EDGE,CONTROL,2.9648309044085495,3,3,True,ROLE_ALIGNED,True,0.03516909559145054
2,2026_02_PHI_TEN,TEN,PHI,00-0035643,Jeffery Simmons,DL,DL,CONTROL,3.942013944308578,6,6,True,ROLE_ALIGNED,True,2.057986055691422
2,2026_02_MIN_CHI,CHI,MIN,00-0035647,Montez Sweat,DL,EDGE,CONTROL,2.5730880168420964,3,3,True,ROLE_ALIGNED,True,0.4269119831579036
2,2026_02_DET_BUF,BUF,DET,00-0035667,Greg Gaines,DL,DL,CONTROL,1.647410949486734,1,1,True,ROLE_ALIGNED,True,-0.6474109494867339
2,2026_02_CAR_ATL,CAR,ATL,00-0035669,Nick Scott,DB,DB,CONTROL,7.153850017678537,1,1,True,ROLE_ALIGNED,True,-6.153850017678537
2,2026_02_PHI_TEN,TEN,PHI,00-0035672,Cody Barton,LB,LB,CONTROL,4.381491340766367,4,4,True,ROLE_ALIGNED,True,-0.3814913407663667
2,2026_02_IND_KC,IND,KC,00-0035674,Jerry Tillery,DL,DL,CONTROL,1.9267355414638996,3,3,True,ROLE_ALIGNED,True,1.0732644585361004
2,2026_02_PIT_NE,NE,PIT,00-0035678,Dre'Mont Jones,LB,EDGE,CONTROL,2.484327371571385,1,1,True,ROLE_ALIGNED,True,-1.4843273715713852
2,2026_02_CLE_TB,CLE,TB,00-0035680,Quincy Williams,LB,LB,CONTROL,5.726353506364917,6,6,True,ROLE_ALIGNED,True,0.2736464936350833
2,2026_02_CIN_HOU,CIN,HOU,00-0035683,Dexter Lawrence,DL,DL,CONTROL,1.7305072136997532,3,3,True,STARTER_CONFLICT_REVIEW,True,1.2694927863002468
2,2026_02_CAR_ATL,CAR,ATL,00-0035687,Bobby Okereke,LB,LB,CONTROL,7.194001153454259,9,9,True,ROLE_ALIGNED,True,1.8059988465457408
2,2026_02_PIT_NE,PIT,NE,00-0035699,Jamel Dean,DB,DB,CONTROL,4.21633706206703,3,3,True,ROLE_ALIGNED,True,-1.21633706206703
2,2026_02_WAS_DAL,DAL,WAS,00-0035705,Jalen Thompson,DB,DB,CONTROL,5.932994147762046,5,5,True,ROLE_ALIGNED,True,-0.932994147762046
2,2026_02_DET_BUF,DET,BUF,00-0035707,Devin White,LB,LB,CONTROL,5.497832184887609,6,6,True,ROLE_ALIGNED,True,0.502167815112391
2,2026_02_NYG_LA,NYG,LA,00-0035713,Brian Burns,LB,LB,CONTROL,3.2991617561814075,2,2,True,ROLE_ALIGNED,True,-1.2991617561814075
2,2026_02_MIA_SF,SF,MIA,00-0035717,Nick Bosa,DL,EDGE,CONTROL,3.178021506116598,3,3,True,STARTER_CONFLICT_REVIEW,True,-0.17802150611659817
2,2026_02_WAS_DAL,DAL,WAS,00-0035718,Quinnen Williams,DL,EDGE,CONTROL,3.2983605780255036,4,4,True,ROLE_ALIGNED,True,0.7016394219744964
2,2026_02_JAX_DEN,DEN,JAX,00-0035763,Malcolm Roach,DL,EDGE,CONTROL,2.802401566378826,4,4,True,ROLE_ALIGNED,True,1.1975984336211738
2,2026_02_MIN_CHI,MIN,CHI,00-0035795,James Pierre,DB,DB,CONTROL,2.6033441254422125,2,2,True,STARTER_CONFLICT_REVIEW,True,-0.6033441254422125
2,2026_02_DET_BUF,DET,BUF,00-0035895,Joe Bachie,LB,LB,CONTROL,3.0008639614832626,0,0,False,ROLE_ALIGNED,True,-3.0008639614832626
2,2026_02_DET_BUF,BUF,DET,00-0035933,Michael Hoecht,LB,LB,CONTROL,2.4649414882423457,1,1,True,ROLE_ALIGNED,True,-1.4649414882423457
2,2026_02_CLE_TB,TB,CLE,00-0035942,Christian Rozeboom,LB,LB,CONTROL,7.468569870985866,0,0,False,REVIEW_BACKUP_CONFLICT,False,-7.468569870985866
2,2026_02_DET_BUF,BUF,DET,00-0036037,Sam Franklin Jr.,DB,DB,CONTROL,0.8754943966141745,0,0,False,ROLE_ALIGNED,True,-0.8754943966141745
2,2026_02_NO_BAL,BAL,NO,00-0036081,Broderick Washington,DL,EDGE,CONTROL,1.5395162570653105,3,3,True,ROLE_ALIGNED,True,1.4604837429346895
2,2026_02_DET_BUF,DET,BUF,00-0036124,Khalil Dorsey,DB,DB,CONTROL,0.8729357151054042,1,1,True,ROLE_ALIGNED,True,0.12706428489459576
2,2026_02_NO_BAL,BAL,NO,00-0036130,Nnamdi Madubuike,DL,EDGE,CONTROL,2.6773988703735707,0,0,False,STARTER_CONFLICT_REVIEW,True,-2.6773988703735707
2,2026_02_MIA_SF,MIA,SF,00-0036159,Joshua Uche,LB,EDGE,CONTROL,2.957650269731951,6,6,True,STARTER_CONFLICT_REVIEW,True,3.042349730268049
2,2026_02_LV_LAC,LAC,LV,00-0036181,Teair Tart,DL,EDGE,CONTROL,2.13809394576878,2,2,True,STARTER_CONFLICT_REVIEW,True,-0.1380939457687802
2,2026_02_PHI_TEN,PHI,TEN,00-0036192,A.J. Epenesa,DL,EDGE,CONTROL,2.2720392985659736,0,0,True,ROLE_ALIGNED,True,-2.2720392985659736
2,2026_02_NO_BAL,NO,BAL,00-0036193,Anfernee Jennings,LB,LB,CONTROL,2.248664840353171,3,3,True,ROLE_ALIGNED,True,0.7513351596468292
2,2026_02_CAR_ATL,ATL,CAR,00-0036204,LaCale London,DL,EDGE,CONTROL,2.6584830477240944,4,4,True,STARTER_CONFLICT_REVIEW,True,1.3415169522759056
2,2026_02_CAR_ATL,CAR,ATL,00-0036220,Derrick Brown,DL,EDGE,CONTROL,3.572367824459899,2,2,True,ROLE_ALIGNED,True,-1.5723678244598989
2,2026_02_JAX_DEN,DEN,JAX,00-0036221,Brandon Jones,DB,DB,CONTROL,4.434766318642824,5,5,True,ROLE_ALIGNED,True,0.5652336813571761
2,2026_02_MIN_CHI,MIN,CHI,00-0036222,Isaiah Rodgers,DB,DB,CONTROL,4.320058530898928,4,4,True,NO_DEPTH_FALLBACK_H012,False,-0.3200585308989279
2,2026_02_PHI_TEN,PHI,TEN,00-0036224,Jonathan Greenard,LB,LB,CONTROL,3.315911904267512,0,0,False,STARTER_CONFLICT_REVIEW,True,-3.315911904267512
2,2026_02_CIN_HOU,CIN,HOU,00-0036231,Kyle Dugger,DB,DB,CONTROL,3.8289018677413935,0,0,False,REVIEW_BACKUP_CONFLICT,False,-3.8289018677413935
2,2026_02_NO_BAL,NO,BAL,00-0036253,Julian Blackmon,DB,DB,CONTROL,4.501253076507045,2,2,True,ROLE_ALIGNED,True,-2.5012530765070453
2,2026_02_WAS_DAL,WAS,DAL,00-0036260,Javon Kinlaw,DL,EDGE,CONTROL,2.917312884499884,2,2,True,STARTER_CONFLICT_REVIEW,True,-0.9173128844998839
2,2026_02_JAX_DEN,JAX,DEN,00-0036262,DaVon Hamilton,DL,DL,CONTROL,1.8387772199932158,5,5,True,STARTER_CONFLICT_REVIEW,True,3.161222780006784
2,2026_02_PHI_TEN,TEN,PHI,00-0036266,Jordan Elliott,DL,DL,CONTROL,1.8226121010764516,1,1,True,STARTER_CONFLICT_REVIEW,True,-0.8226121010764516
2,2026_02_CAR_ATL,ATL,CAR,00-0036281,C.J. Henderson,DB,DB,CONTROL,2.160339298835936,4,4,True,ROLE_ALIGNED,True,1.839660701164064
2,2026_02_CLE_TB,CLE,TB,00-0036282,Grant Delpit,DB,DB,CONTROL,4.787977924913674,5,5,True,ROLE_ALIGNED,True,0.21202207508632576
2,2026_02_CAR_ATL,ATL,CAR,00-0036285,A.J. Terrell,DB,DB,CONTROL,4.179847990709221,1,1,True,ROLE_ALIGNED,True,-3.179847990709221
2,2026_02_WAS_DAL,WAS,DAL,00-0036286,K'Lavon Chaisson,LB,LB,CONTROL,3.0050632572605194,3,3,True,REVIEW_BACKUP_CONFLICT,False,-0.0050632572605193715
2,2026_02_CLE_TB,CLE,TB,00-0036287,Noah Igbinoghene,DB,DB,CONTROL,3.4002371831773446,2,2,True,ROLE_ALIGNED,True,-1.4002371831773446
2,2026_02_MIN_CHI,CHI,MIN,00-0036292,Jaylon Johnson,DB,DB,CONTROL,3.2703639569604888,4,4,True,ROLE_ALIGNED,True,0.7296360430395112
2,2026_02_LV_LAC,LV,LAC,00-0036293,Jeremy Chinn,DB,DB,CONTROL,6.530259696495159,4,4,True,ROLE_ALIGNED,True,-2.5302596964951594
2,2026_02_IND_KC,IND,KC,00-0036298,Akeem Davis-Gaither,LB,LB,CONTROL,6.791632514882647,14,14,True,ROLE_ALIGNED,True,7.208367485117353
2,2026_02_NO_BAL,BAL,NO,00-0036302,Jaylinn Hawkins,DB,DB,CONTROL,4.692288669247187,5,5,True,ROLE_ALIGNED,True,0.307711330752813
2,2026_02_CAR_ATL,CAR,ATL,00-0036305,Trevis Gipson,LB,LB,CONTROL,2.4645081288129145,1,1,True,ROLE_ALIGNED,True,-1.4645081288129145
2,2026_02_CLE_TB,CLE,TB,00-0036306,Daniel Thomas,DB,DB,CONTROL,3.3155803855877206,0,0,False,ROLE_ALIGNED,True,-3.3155803855877206
2,2026_02_NO_BAL,NO,BAL,00-0036321,Chase Young,LB,EDGE,CONTROL,2.7799297029473298,2,2,True,ROLE_ALIGNED,True,-0.7799297029473298
2,2026_02_PIT_NE,PIT,NE,00-0036323,Patrick Queen,LB,LB,CONTROL,6.5236156371120275,2,2,True,ROLE_ALIGNED,True,-4.5236156371120275
2,2026_02_MIA_SF,SF,MIA,00-0036329,Ashtyn Davis,DB,DB,CONTROL,4.700686340033167,0,0,False,REVIEW_BACKUP_CONFLICT,False,-4.700686340033167
2,2026_02_PIT_NE,PIT,NE,00-0036333,Alex Highsmith,LB,LB,CONTROL,3.767220663508077,3,3,True,ROLE_ALIGNED,True,-0.7672206635080769
2,2026_02_DET_BUF,DET,BUF,00-0036335,D.J. Wonnum,LB,EDGE,CONTROL,2.8874078041613935,2,2,True,ROLE_ALIGNED,True,-0.8874078041613935
2,2026_02_MIN_CHI,CHI,MIN,00-0036337,James Lynch,DL,DL,CONTROL,1.7335908934223236,7,7,True,ROLE_ALIGNED,True,5.266409106577676
2,2026_02_LV_LAC,LAC,LV,00-0036338,Troy Dye,LB,LB,CONTROL,2.177444437068219,5,5,True,ROLE_ALIGNED,True,2.822555562931781
2,2026_02_MIA_SF,SF,MIA,00-0036341,Khalid Kareem,DL,EDGE,CONTROL,1.7470044617087785,2,2,True,ROLE_ALIGNED,True,0.25299553829122146
2,2026_02_MIN_CHI,MIN,CHI,00-0036348,Josh Metellus,DB,DB,CONTROL,5.819286321670468,7,7,True,ROLE_ALIGNED,True,1.180713678329532
2,2026_02_NYG_LA,LA,NYG,00-0036349,Kam Curl,DB,DB,CONTROL,4.31106825513031,4,4,True,ROLE_ALIGNED,True,-0.31106825513031033
2,2026_02_MIA_SF,MIA,SF,00-0036362,Willie Gay Jr.,LB,LB,CONTROL,2.7887318942883543,3,3,True,STARTER_CONFLICT_REVIEW,True,0.21126810571164567
2,2026_02_MIN_CHI,CHI,MIN,00-0036366,Neville Gallimore,DL,DL,CONTROL,2.1548164805150574,2,2,True,ROLE_ALIGNED,True,-0.15481648051505736
2,2026_02_IND_KC,KC,IND,00-0036374,L'Jarius Sneed,DB,DB,CONTROL,4.2364066652967205,7,7,True,ROLE_ALIGNED,True,2.7635933347032795
2,2026_02_WAS_DAL,WAS,DAL,00-0036375,Amik Robertson,DB,DB,CONTROL,4.335045410508645,5,5,True,ROLE_ALIGNED,True,0.6649545894913551
2,2026_02_DET_BUF,BUF,DET,00-0036378,Michael Danna,LB,LB,CONTROL,2.6583975648297393,0,0,True,ROLE_ALIGNED,True,-2.6583975648297393
2,2026_02_IND_KC,KC,IND,00-0036380,Alohi Gilman,DB,DB,CONTROL,5.544260776254545,5,5,True,ROLE_ALIGNED,True,-0.5442607762545446
2,2026_02_GB_NYJ,GB,NYJ,00-0036388,Xavier McKinney,DB,DB,CONTROL,5.529512192591832,4,4,True,ROLE_ALIGNED,True,-1.5295121925918318
2,2026_02_MIA_SF,MIA,SF,00-0036409,Jordyn Brooks,LB,LB,CONTROL,9.380062877957487,3,3,True,ROLE_ALIGNED,True,-6.380062877957487
2,2026_02_CLE_TB,TB,CLE,00-0036411,Antoine Winfield Jr.,DB,DB,CONTROL,6.184619864317888,4,4,True,ROLE_ALIGNED,True,-2.184619864317888
2,2026_02_IND_KC,KC,IND,00-0036416,Kristian Fulton,DB,DB,CONTROL,3.662964042253457,2,2,True,REVIEW_BACKUP_CONFLICT,False,-1.6629640422534568
2,2026_02_PHI_TEN,PHI,TEN,00-0036418,Zack Baun,LB,LB,CONTROL,7.295152524811347,4,4,True,ROLE_ALIGNED,True,-3.295152524811347
2,2026_02_PHI_TEN,TEN,PHI,00-0036421,Terrell Burgess,DB,DB,CONTROL,1.1370446190467747,0,0,False,ROLE_ALIGNED,True,-1.1370446190467747
2,2026_02_JAX_DEN,DEN,JAX,00-0036428,Justin Strnad,LB,LB,CONTROL,4.288193253702683,7,7,True,STARTER_CONFLICT_REVIEW,True,2.7118067462973174
2,2026_02_LV_LAC,LV,LAC,00-0036479,Kwity Paye,DL,DL,CONTROL,2.7687933785322385,2,2,True,STARTER_CONFLICT_REVIEW,True,-0.7687933785322385
2,2026_02_MIN_CHI,CHI,MIN,00-0036480,Dayo Odeyingbo,DL,EDGE,CONTROL,2.7463706360294546,1,1,True,STARTER_CONFLICT_REVIEW,True,-1.7463706360294546
2,2026_02_GB_NYJ,NYJ,GB,00-0036500,Jamien Sherwood,LB,LB,CONTROL,7.345266117891385,6,6,True,ROLE_ALIGNED,True,-1.3452661178913852
2,2026_02_PHI_TEN,PHI,TEN,00-0036501,Michael Carter II,DB,DB,CONTROL,1.6649722277883292,0,0,True,ROLE_ALIGNED,True,-1.6649722277883292
2,2026_02_NYG_LA,NYG,LA,00-0036502,Jason Pinnock,DB,DB,CONTROL,2.2769684423716616,0,0,False,ROLE_ALIGNED,True,-2.2769684423716616
2,2026_02_PIT_NE,PIT,NE,00-0036504,Brandin Echols,DB,DB,CONTROL,2.2268136243468897,0,0,True,ROLE_ALIGNED,True,-2.2268136243468897
2,2026_02_MIA_SF,SF,MIA,00-0036563,Deommodore Lenoir,DB,DB,CONTROL,4.3319999147342285,4,4,True,ROLE_ALIGNED,True,-0.3319999147342285
2,2026_02_JAX_DEN,DEN,JAX,00-0036564,Talanoa Hufanga,DB,DB,CONTROL,5.221353010910333,6,6,True,ROLE_ALIGNED,True,0.7786469890896672
2,2026_02_SEA_ARI,ARI,SEA,00-0036568,Roy Lopez,DL,DL,CONTROL,2.358126962988527,4,4,True,STARTER_CONFLICT_REVIEW,True,1.641873037011473
2,2026_02_NYG_LA,NYG,LA,00-0036587,Ar'Darius Washington,DB,DB,CONTROL,1.2862842044593445,1,1,True,ROLE_ALIGNED,True,-0.28628420445934455
2,2026_02_PIT_NE,PIT,NE,00-0036617,Asante Samuel Jr.,DB,DB,CONTROL,2.9420655908536357,5,5,True,REVIEW_BACKUP_CONFLICT,False,2.0579344091463643
2,2026_02_IND_KC,KC,IND,00-0036621,Nick Bolton,LB,LB,CONTROL,8.481975549416285,13,13,True,ROLE_ALIGNED,True,4.518024450583715
2,2026_02_DET_BUF,DET,BUF,00-0036624,Alim McNeill,DL,DL,CONTROL,1.8766613040164493,2,2,True,ROLE_ALIGNED,True,0.12333869598355074
2,2026_02_GB_NYJ,GB,NYJ,00-0036625,Benjamin St-Juste,DB,DB,CONTROL,1.3582491132363272,0,0,False,ROLE_ALIGNED,True,-1.3582491132363272
2,2026_02_IND_KC,IND,KC,00-0036629,Camryn Bynum,DB,DB,CONTROL,4.763574242615748,9,9,True,ROLE_ALIGNED,True,4.236425757384252
2,2026_02_CIN_HOU,CIN,HOU,00-0036642,Tedarrell Slaton,DL,DL,CONTROL,2.4003623959587124,2,2,True,ROLE_ALIGNED,True,-0.40036239595871237
2,2026_02_GB_NYJ,GB,NYJ,00-0036648,Nick Niemann,LB,LB,CONTROL,2.1657548997817626,0,0,False,ROLE_ALIGNED,True,-2.1657548997817626
2,2026_02_GB_NYJ,GB,NYJ,00-0036658,Isaiah McDuffie,LB,LB,CONTROL,2.6705233578087455,0,0,False,ROLE_ALIGNED,True,-2.6705233578087455
2,2026_02_NYG_LA,LA,NYG,00-0036672,Grant Stuard,LB,LB,CONTROL,1.2752248834796076,0,0,False,ROLE_ALIGNED,True,-1.2752248834796076
2,2026_02_MIA_SF,MIA,SF,00-0036677,Zayne Anderson,DB,DB,CONTROL,2.4716022487755507,2,2,True,STARTER_CONFLICT_REVIEW,True,-0.4716022487755507
2,2026_02_MIA_SF,MIA,SF,00-0036682,Malik Herring,DL,EDGE,CONTROL,1.3362423759910547,2,2,True,ROLE_ALIGNED,True,0.6637576240089453
2,2026_02_JAX_DEN,DEN,JAX,00-0036683,Devon Key,DB,DB,CONTROL,1.8156623128005684,0,0,False,ROLE_ALIGNED,True,-1.8156623128005684
2,2026_02_PIT_NE,NE,PIT,00-0036813,Christian Elliss,LB,LB,CONTROL,5.752673096440396,12,12,True,ROLE_ALIGNED,True,6.247326903559604
2,2026_02_MIA_SF,SF,MIA,00-0036844,Garret Wallow,LB,LB,CONTROL,1.7385435568790253,0,0,True,ROLE_ALIGNED,True,-1.7385435568790253
2,2026_02_NO_BAL,NO,BAL,00-0036867,Chris Rumph II,LB,LB,CONTROL,1.725683853378184,0,0,True,ROLE_ALIGNED,True,-1.725683853378184
2,2026_02_JAX_DEN,DEN,JAX,00-0036874,Pat Surtain II,DB,DB,CONTROL,3.801983225316058,6,6,True,ROLE_ALIGNED,True,2.198016774683942
2,2026_02_CIN_HOU,HOU,CIN,00-0036883,Tommy Togiai,DL,DL,CONTROL,4.5311258637419325,6,6,True,STARTER_CONFLICT_REVIEW,True,1.4688741362580675
2,2026_02_DET_BUF,BUF,DET,00-0036888,Damar Hamlin,DB,DB,CONTROL,3.3500130135145576,1,1,True,ROLE_ALIGNED,True,-2.3500130135145576
2,2026_02_LV_LAC,LV,LAC,00-0036901,Eric Stokes,DB,DB,CONTROL,3.8026808329594033,4,4,True,ROLE_ALIGNED,True,0.1973191670405967
2,2026_02_GB_NYJ,NYJ,GB,00-0036902,Joseph Ossai,LB,EDGE,CONTROL,3.425425016982834,0,0,False,REVIEW_BACKUP_CONFLICT,False,-3.425425016982834
2,2026_02_CAR_ATL,CAR,ATL,00-0036903,Bobby Brown III,DL,EDGE,CONTROL,2.6528362524196822,0,0,False,STARTER_CONFLICT_REVIEW,True,-2.6528362524196822
2,2026_02_IND_KC,KC,IND,00-0036909,Khyiris Tonga,DL,DL,CONTROL,1.9720475638861275,0,0,True,STARTER_CONFLICT_REVIEW,True,-1.9720475638861275
2,2026_02_DET_BUF,BUF,DET,00-0036914,Greg Rousseau,LB,LB,CONTROL,3.334951487594021,3,3,True,ROLE_ALIGNED,True,-0.33495148759402094
2,2026_02_PIT_NE,NE,PIT,00-0036916,Milton Williams,DL,EDGE,CONTROL,2.782039711059468,1,1,True,STARTER_CONFLICT_REVIEW,True,-1.782039711059468
2,2026_02_LV_LAC,LV,LAC,00-0036922,Patrick Johnson,LB,EDGE,CONTROL,0.8334393334923559,0,0,False,ROLE_ALIGNED,True,-0.8334393334923559
2,2026_02_NO_BAL,NO,BAL,00-0036927,Pete Werner,LB,LB,CONTROL,3.736768581220771,11,11,True,STARTER_CONFLICT_REVIEW,True,7.263231418779229
2,2026_02_SEA_ARI,ARI,SEA,00-0036933,Zaven Collins,LB,LB,CONTROL,3.1255199791005506,3,4,True,STARTER_CONFLICT_REVIEW,True,-0.12551997910055057
2,2026_02_CAR_ATL,CAR,ATL,00-0036934,Jaelan Phillips,LB,LB,CONTROL,3.863074821763359,2,2,True,ROLE_ALIGNED,True,-1.8630748217633588
2,2026_02_NYG_LA,NYG,LA,00-0036937,Paulson Adebo,DB,DB,CONTROL,3.399205911799538,0,0,False,ROLE_ALIGNED,True,-3.399205911799538
2,2026_02_WAS_DAL,WAS,DAL,00-0036940,Odafe Oweh,LB,LB,CONTROL,3.4873063435740503,2,2,True,ROLE_ALIGNED,True,-1.4873063435740503
2,2026_02_GB_NYJ,NYJ,GB,00-0036941,Andre Cisco,DB,DB,CONTROL,4.845723169791698,5,5,True,REVIEW_BACKUP_CONFLICT,False,0.1542768302083024
2,2026_02_MIA_SF,SF,MIA,00-0036942,Osa Odighizuwa,DL,DL,CONTROL,2.579189795358358,2,2,True,STARTER_CONFLICT_REVIEW,True,-0.5791897953583578
2,2026_02_CAR_ATL,CAR,ATL,00-0036944,Jaycee Horn,DB,DB,CONTROL,3.194148415993375,1,1,True,ROLE_ALIGNED,True,-2.194148415993375
2,2026_02_CAR_ATL,CAR,ATL,00-0036962,Tre'von Moehrig,DB,DB,CONTROL,5.57904782277809,5,5,True,ROLE_ALIGNED,True,-0.5790478227780902
2,2026_02_DET_BUF,DET,BUF,00-0036964,Derrick Barnes,LB,LB,CONTROL,4.332687852326231,6,6,True,ROLE_ALIGNED,True,1.6673121476737691
2,2026_02_CLE_TB,CLE,TB,00-0036974,Tyson Campbell,DB,DB,CONTROL,4.809096047814822,5,5,True,ROLE_ALIGNED,True,0.1909039521851783
2,2026_02_PIT_NE,NE,PIT,00-0036981,Christian Barmore,DL,EDGE,CONTROL,2.041782166634367,1,1,True,STARTER_CONFLICT_REVIEW,True,-1.0417821666343672
2,2026_02_NYG_LA,NYG,LA,00-0036982,Chauncey Golston,DL,EDGE,CONTROL,2.39547283350487,4,4,True,STARTER_CONFLICT_REVIEW,True,1.6045271664951302
2,2026_02_GB_NYJ,NYJ,GB,00-0036986,Nahshon Wright,DB,DB,CONTROL,4.39760674260806,0,0,False,ROLE_ALIGNED,True,-4.39760674260806
2,2026_02_GB_NYJ,NYJ,GB,00-0036987,Brandon Stephens,DB,DB,CONTROL,3.631702676386342,4,4,True,ROLE_ALIGNED,True,0.3682973236136582
2,2026_02_LV_LAC,LV,LAC,00-0036989,Malcolm Koonce,DL,DL,CONTROL,1.9236174416175411,3,3,True,ROLE_ALIGNED,True,1.0763825583824589
2,2026_02_CAR_ATL,ATL,CAR,00-0036990,Divine Deablo,LB,LB,CONTROL,6.777916934695891,2,2,True,ROLE_ALIGNED,True,-4.777916934695891
2,2026_02_LV_LAC,LAC,LV,00-0036992,Elijah Molden,DB,DB,CONTROL,3.997751064586869,0,0,False,ROLE_ALIGNED,True,-3.997751064586869
2,2026_02_SEA_ARI,SEA,ARI,00-0036994,Ernest Jones,LB,LB,CONTROL,8.441224773190498,8,8,True,ROLE_ALIGNED,True,-0.44122477319049835
2,2026_02_SEA_ARI,ARI,SEA,00-0036995,Baron Browning,LB,LB,CONTROL,2.884296053512672,2,2,True,ROLE_ALIGNED,True,-0.884296053512672
2,2026_02_NYG_LA,NYG,LA,00-0036996,Greg Newsome II,DB,DB,CONTROL,2.995426363821057,5,5,True,ROLE_ALIGNED,True,2.004573636178943
2,2026_02_NYG_LA,NYG,LA,00-0036998,Jevon Holland,DB,DB,CONTROL,4.6899158947845,7,8,True,ROLE_ALIGNED,True,2.3100841052155
2,2026_02_SEA_ARI,SEA,ARI,00-0037003,Chazz Surratt,LB,LB,CONTROL,1.3811041605435317,0,0,True,ROLE_ALIGNED,True,-1.3811041605435317
2,2026_02_CAR_ATL,CAR,ATL,00-0037007,Patrick Jones II,LB,LB,CONTROL,4.005992338357963,0,0,False,STARTER_CONFLICT_REVIEW,True,-4.005992338357963
2,2026_02_DET_BUF,BUF,DET,00-0037034,Dee Alford,DB,DB,CONTROL,4.207745951169772,4,4,True,STARTER_CONFLICT_REVIEW,True,-0.20774595116977235
2,2026_02_PHI_TEN,PHI,TEN,00-0037073,Jordan Davis,DL,DL,CONTROL,3.9386026339724243,1,1,True,NO_DEPTH_FALLBACK_H012,False,-2.9386026339724243
2,2026_02_LV_LAC,LV,LAC,00-0037074,Quay Walker,LB,LB,CONTROL,8.031505912202864,10,10,True,ROLE_ALIGNED,True,1.9684940877971364
2,2026_02_GB_NYJ,GB,NYJ,00-0037075,Devonte Wyatt,DL,EDGE,CONTROL,2.8710698263014103,1,1,True,STARTER_CONFLICT_REVIEW,True,-1.8710698263014103
2,2026_02_PHI_TEN,PHI,TEN,00-0037079,Riq Woolen,DB,DB,CONTROL,2.561626008056971,3,3,True,ROLE_ALIGNED,True,0.43837399194302895
2,2026_02_CIN_HOU,HOU,CIN,00-0037082,Dominique Robinson,DL,EDGE,CONTROL,0.9236174203030426,0,0,True,ROLE_ALIGNED,True,-0.9236174203030426
2,2026_02_GB_NYJ,NYJ,GB,00-0037083,Kingsley Enagbare,LB,EDGE,CONTROL,3.20776013080662,2,3,True,STARTER_CONFLICT_REVIEW,True,-1.2077601308066201
2,2026_02_GB_NYJ,GB,NYJ,00-0037094,Jonathan Ford,DL,DL,CONTROL,1.7184117525728828,0,0,True,ROLE_ALIGNED,True,-1.7184117525728828
2,2026_02_MIN_CHI,CHI,MIN,00-0037096,Elijah Hicks,DB,DB,CONTROL,1.1155714534233097,0,0,False,ROLE_ALIGNED,True,-1.1155714534233097
2,2026_02_MIN_CHI,CHI,MIN,00-0037109,Jack Sanborn,LB,LB,CONTROL,3.590203198136532,0,0,False,ROLE_ALIGNED,True,-3.590203198136532
2,2026_02_MIN_CHI,CHI,MIN,00-0037129,Josh Blackwell,DB,DB,CONTROL,0.664620251828645,0,0,False,ROLE_ALIGNED,True,-0.664620251828645
2,2026_02_CIN_HOU,HOU,CIN,00-0037130,Reed Blankenship,DB,DB,CONTROL,6.127392577314117,5,5,True,ROLE_ALIGNED,True,-1.127392577314117
2,2026_02_SEA_ARI,SEA,ARI,00-0037137,Josh Jobe,DB,DB,CONTROL,3.480750591581889,1,1,True,ROLE_ALIGNED,True,-2.480750591581889
2,2026_02_PHI_TEN,TEN,PHI,00-0037155,Tony Adams,DB,DB,CONTROL,2.4010208781869045,0,0,False,ROLE_ALIGNED,True,-2.4010208781869045
2,2026_02_IND_KC,IND,KC,00-0037190,Sauce Gardner,DB,DB,CONTROL,3.004404928394939,6,6,True,ROLE_ALIGNED,True,2.995595071605061
2,2026_02_NYG_LA,LA,NYG,00-0037191,Trent McDuffie,DB,DB,CONTROL,4.761500082546408,2,2,True,ROLE_ALIGNED,True,-2.7615000825464078
2,2026_02_IND_KC,KC,IND,00-0037192,George Karlaftis,DL,EDGE,CONTROL,2.6455155348206527,5,5,True,ROLE_ALIGNED,True,2.3544844651793473
2,2026_02_CIN_HOU,CIN,HOU,00-0037193,Bryan Cook,DB,DB,CONTROL,5.73243168525978,4,4,True,ROLE_ALIGNED,True,-1.7324316852597796
2,2026_02_NYG_LA,LA,NYG,00-0037195,Jaylen Watson,DB,DB,CONTROL,4.045053839709352,4,4,True,ROLE_ALIGNED,True,-0.04505383970935206
2,2026_02_IND_KC,KC,IND,00-0037208,Jack Cochrane,LB,LB,CONTROL,1.1610095482744962,1,1,True,ROLE_ALIGNED,True,-0.1610095482744962
2,2026_02_JAX_DEN,JAX,DEN,00-0037235,Travon Walker,DL,EDGE,CONTROL,2.8936844728799924,3,3,True,ROLE_ALIGNED,True,0.10631552712000758
2,2026_02_DET_BUF,DET,BUF,00-0037236,Aidan Hutchinson,DL,EDGE,CONTROL,3.724709213285186,3,3,True,ROLE_ALIGNED,True,-0.7247092132851858
2,2026_02_CIN_HOU,HOU,CIN,00-0037237,Derek Stingley Jr.,DB,DB,CONTROL,2.5928783260904975,3,3,True,ROLE_ALIGNED,True,0.4071216739095025
2,2026_02_CAR_ATL,CAR,ATL,00-0037244,Devin Lloyd,LB,LB,CONTROL,7.612934307780519,9,9,True,ROLE_ALIGNED,True,1.3870656922194806
2,2026_02_CIN_HOU,HOU,CIN,00-0037246,Jalen Pitre,DB,DB,CONTROL,5.297417573439201,4,4,True,ROLE_ALIGNED,True,-1.2974175734392013
2,2026_02_JAX_DEN,DEN,JAX,00-0037249,Nik Bonitto,LB,LB,CONTROL,2.3341800952038163,0,0,True,STARTER_CONFLICT_REVIEW,True,-2.3341800952038163
2,2026_02_NO_BAL,NO,BAL,00-0037250,Martin Emerson,DB,DB,CONTROL,2.412513007556256,3,3,True,ROLE_ALIGNED,True,0.5874869924437438
2,2026_02_PIT_NE,NE,PIT,00-0037253,Marcus Jones,DB,DB,CONTROL,2.868713523441075,2,2,True,STARTER_CONFLICT_REVIEW,True,-0.868713523441075
2,2026_02_DET_BUF,BUF,DET,00-0037254,Terrel Bernard,LB,LB,CONTROL,6.143376834665366,5,5,True,ROLE_ALIGNED,True,-1.143376834665366
2,2026_02_NYG_LA,NYG,LA,00-0037259,Micah McFadden,LB,LB,CONTROL,4.1445279025149135,0,0,False,ROLE_ALIGNED,True,-4.1445279025149135
2,2026_02_LV_LAC,LV,LAC,00-0037262,Thomas Booker,DL,EDGE,CONTROL,2.3273765367333787,1,1,True,ROLE_ALIGNED,True,-1.3273765367333787
2,2026_02_CLE_TB,TB,CLE,00-0037268,Zyon McCollum,DB,DB,CONTROL,4.380979437093694,3,3,True,ROLE_ALIGNED,True,-1.3809794370936936
2,2026_02_WAS_DAL,DAL,WAS,00-0037270,Otito Ogbonnia,DL,DL,CONTROL,2.4563463250444815,0,0,True,STARTER_CONFLICT_REVIEW,True,-2.4563463250444815
2,2026_02_MIN_CHI,CHI,MIN,00-0037271,D'Marco Jackson,LB,LB,CONTROL,3.232188694902803,3,3,True,STARTER_CONFLICT_REVIEW,True,-0.23218869490280314
2,2026_02_WAS_DAL,DAL,WAS,00-0037275,DaRon Bland,DB,DB,CONTROL,6.5548976702789865,5,5,True,ROLE_ALIGNED,True,-1.5548976702789865
2,2026_02_NO_BAL,NO,BAL,00-0037283,John Ridgeway,DL,EDGE,CONTROL,2.242387401621562,0,0,False,ROLE_ALIGNED,True,-2.242387401621562
2,2026_02_DET_BUF,BUF,DET,00-0037288,Christian Benford,DB,DB,CONTROL,3.1574698620186523,8,8,True,ROLE_ALIGNED,True,4.842530137981347
2,2026_02_DET_BUF,DET,BUF,00-0037289,Malcolm Rodriguez,LB,LB,CONTROL,2.9646023260135625,1,1,True,STARTER_CONFLICT_REVIEW,True,-1.9646023260135625
2,2026_02_JAX_DEN,DEN,JAX,00-0037294,Jordan Jackson,DL,EDGE,CONTROL,1.4155205741742787,0,0,False,ROLE_ALIGNED,True,-1.4155205741742787
2,2026_02_MIN_CHI,MIN,CHI,00-0037301,Theo Jackson,DB,DB,CONTROL,3.0732007905262364,3,3,True,ROLE_ALIGNED,True,-0.0732007905262364
2,2026_02_WAS_DAL,DAL,WAS,00-0037310,James Houston,LB,LB,CONTROL,1.6012919193727349,0,0,False,ROLE_ALIGNED,True,-1.6012919193727349
2,2026_02_JAX_DEN,JAX,DEN,00-0037313,Montaric Brown,DB,DB,CONTROL,4.024481761082983,4,4,True,ROLE_ALIGNED,True,-0.024481761082983056
2,2026_02_LV_LAC,LAC,LV,00-0037320,Deane Leonard,DB,DB,CONTROL,1.2509904067456856,0,0,False,ROLE_ALIGNED,True,-1.2509904067456856
2,2026_02_JAX_DEN,DEN,JAX,00-0037384,Ja'Quan McMillian,DB,DB,CONTROL,3.232721284656823,4,4,True,ROLE_ALIGNED,True,0.7672787153431768
2,2026_02_CIN_HOU,HOU,CIN,00-0037457,Jake Hansen,LB,LB,CONTROL,1.2887440840251638,4,4,True,ROLE_ALIGNED,True,2.711255915974836
2,2026_02_LV_LAC,LV,LAC,00-0037461,Tristin McCollum,DB,DB,CONTROL,2.2288390877861954,0,0,False,ROLE_ALIGNED,True,-2.2288390877861954
2,2026_02_LV_LAC,LV,LAC,00-0037512,Isaiah Pola-Mao,DB,DB,CONTROL,3.60659719865366,4,4,True,REVIEW_BACKUP_CONFLICT,False,0.39340280134634
2,2026_02_GB_NYJ,NYJ,GB,00-0037526,Marcelino McCrary-Ball,LB,LB,CONTROL,1.919470872423773,0,0,False,ROLE_ALIGNED,True,-1.919470872423773
2,2026_02_LV_LAC,LV,LAC,00-0037527,Segun Olubi,LB,LB,CONTROL,1.4991114039867792,0,0,False,ROLE_ALIGNED,True,-1.4991114039867792
2,2026_02_WAS_DAL,DAL,WAS,00-0037561,Markquese Bell,DB,DB,CONTROL,1.2410797356268704,5,5,True,ROLE_ALIGNED,True,3.7589202643731294
2,2026_02_NYG_LA,LA,NYG,00-0037587,Nate Landman,LB,LB,CONTROL,6.549625706984258,7,7,True,ROLE_ALIGNED,True,0.4503742930157424
2,2026_02_SEA_ARI,ARI,SEA,00-0037596,Jack Gibbens,LB,LB,CONTROL,6.84738857359959,9,9,True,ROLE_ALIGNED,True,2.1526114264004104
2,2026_02_NYG_LA,NYG,LA,00-0037611,Kayvon Thibodeaux,LB,LB,CONTROL,2.75431380260121,0,0,True,ROLE_ALIGNED,True,-2.75431380260121
2,2026_02_LV_LAC,LV,LAC,00-0037615,Nakobe Dean,LB,LB,CONTROL,6.143817386502972,9,10,True,ROLE_ALIGNED,True,2.856182613497028
2,2026_02_WAS_DAL,WAS,DAL,00-0037616,Nick Cross,DB,DB,CONTROL,6.407624105982558,3,3,True,ROLE_ALIGNED,True,-3.407624105982558
2,2026_02_CIN_HOU,HOU,CIN,00-0037633,Jacob Hummel,LB,LB,CONTROL,1.0331012890452913,0,0,False,STARTER_CONFLICT_REVIEW,True,-1.0331012890452913
2,2026_02_PHI_TEN,TEN,PHI,00-0037663,Jermaine Johnson II,LB,EDGE,CONTROL,2.187279054564099,2,2,True,STARTER_CONFLICT_REVIEW,True,-0.1872790545640992
2,2026_02_CLE_TB,CLE,TB,00-0037665,Sam Williams,DL,EDGE,CONTROL,2.931122367303208,2,2,True,ROLE_ALIGNED,True,-0.9311223673032081
2,2026_02_CIN_HOU,CIN,HOU,00-0037743,Daxton Hill,DB,DB,CONTROL,4.583849158980187,10,10,True,ROLE_ALIGNED,True,5.416150841019813
2,2026_02_JAX_DEN,DEN,JAX,00-0037752,Tycen Anderson,DB,DB,CONTROL,1.654905943284903,0,0,False,ROLE_ALIGNED,True,-1.654905943284903
2,2026_02_IND_KC,IND,KC,00-0037753,Cam Taylor-Britt,DB,DB,CONTROL,1.967038852558017,3,3,True,ROLE_ALIGNED,True,1.032961147441983
2,2026_02_NO_BAL,BAL,NO,00-0037756,Travis Jones,DL,DL,CONTROL,3.061424550789493,1,1,True,ROLE_ALIGNED,True,-2.061424550789493
2,2026_02_PHI_TEN,TEN,PHI,00-0037758,Cordale Flott,DB,DB,CONTROL,2.9950081582467236,0,0,False,ROLE_ALIGNED,True,-2.9950081582467236
2,2026_02_JAX_DEN,DEN,JAX,00-0037799,Dondrea Tillman,LB,LB,CONTROL,2.978719757429736,1,1,True,ROLE_ALIGNED,True,-1.9787197574297362
2,2026_02_CAR_ATL,ATL,CAR,00-0037815,Cameron Thomas,DL,DL,CONTROL,1.9358973826787662,4,4,True,ROLE_ALIGNED,True,2.064102617321234
2,2026_02_WAS_DAL,WAS,DAL,00-0037819,Leo Chenal,LB,LB,CONTROL,3.858819287363842,12,12,True,ROLE_ALIGNED,True,8.141180712636158
2,2026_02_CAR_ATL,ATL,CAR,00-0037823,Christian Harris,LB,LB,CONTROL,2.318365496345739,1,1,True,ROLE_ALIGNED,True,-1.3183654963457392
2,2026_02_WAS_DAL,DAL,WAS,00-0037839,Cobie Durant,DB,DB,CONTROL,2.6441566935711784,1,1,True,ROLE_ALIGNED,True,-1.6441566935711784
2,2026_02_NYG_LA,LA,NYG,00-0037841,Quentin Lake,DB,DB,CONTROL,5.782104982950399,6,6,True,ROLE_ALIGNED,True,0.21789501704960124
2,2026_02_MIN_CHI,CHI,MIN,00-0037843,Daniel Hardy,DL,EDGE,CONTROL,0.5843881794421125,0,0,False,ROLE_ALIGNED,True,-0.5843881794421125
2,2026_02_NO_BAL,BAL,NO,00-0038038,Kyle Hamilton,DB,DB,CONTROL,5.864210049539372,13,13,True,ROLE_ALIGNED,True,7.135789950460628
2,2026_02_MIA_SF,SF,MIA,00-0038039,Jack Jones,DB,DB,CONTROL,2.663452458163368,0,0,True,ROLE_ALIGNED,True,-2.663452458163368
2,2026_02_WAS_DAL,WAS,DAL,00-0038100,Percy Butler,DB,DB,CONTROL,0.7346596965999956,0,0,False,ROLE_ALIGNED,True,-0.7346596965999956
2,2026_02_CAR_ATL,CAR,ATL,00-0038101,Akayleb Evans,DB,DB,CONTROL,1.0127252252218457,2,2,True,ROLE_ALIGNED,True,0.9872747747781543
2,2026_02_JAX_DEN,DEN,JAX,00-0038106,Eyioma Uwazurike,DL,EDGE,CONTROL,2.6299853561213413,1,1,True,STARTER_CONFLICT_REVIEW,True,-1.6299853561213413
2,2026_02_IND_KC,IND,KC,00-0038107,Micheal Clemons,DL,EDGE,CONTROL,1.3122823645960253,0,0,True,ROLE_ALIGNED,True,-1.3122823645960253
2,2026_02_PHI_TEN,PHI,TEN,00-0038116,Arnold Ebiketie,LB,LB,CONTROL,1.888991436288903,2,2,True,ROLE_ALIGNED,True,0.11100856371109691
2,2026_02_PHI_TEN,TEN,PHI,00-0038121,Alontae Taylor,DB,DB,CONTROL,4.90393492894212,5,5,True,ROLE_ALIGNED,True,0.09606507105787987
2,2026_02_GB_NYJ,NYJ,GB,00-0038123,Dane Belton,DB,DB,CONTROL,7.151546257680174,6,6,True,REVIEW_BACKUP_CONFLICT,False,-1.1515462576801738
2,2026_02_DET_BUF,DET,BUF,00-0038125,Roger McCreary,DB,DB,CONTROL,2.486436589478374,0,0,True,STARTER_CONFLICT_REVIEW,True,-2.486436589478374
2,2026_02_CIN_HOU,HOU,CIN,00-0038127,Logan Hall,DL,DL,CONTROL,2.215731557215738,3,3,True,ROLE_ALIGNED,True,0.7842684427842621
2,2026_02_CIN_HOU,CIN,HOU,00-0038133,Boye Mafe,DL,EDGE,CONTROL,2.561313677181771,2,2,True,STARTER_CONFLICT_REVIEW,True,-0.5613136771817708
2,2026_02_PIT_NE,PIT,NE,00-0038135,Jaquan Brisker,DB,DB,CONTROL,5.854730346508496,6,6,True,ROLE_ALIGNED,True,0.14526965349150434
2,2026_02_PHI_TEN,PHI,TEN,00-0038386,Jalen Carter,DL,EDGE,CONTROL,3.250725935111098,1,1,True,ROLE_ALIGNED,True,-2.250725935111098
2,2026_02_NO_BAL,NO,BAL,00-0038387,Colby Wooden,DL,EDGE,CONTROL,1.774151337834467,1,1,True,STARTER_CONFLICT_REVIEW,True,-0.7741513378344671
2,2026_02_GB_NYJ,GB,NYJ,00-0038398,Karl Brooks,DL,EDGE,CONTROL,2.3525971535913146,1,1,True,STARTER_CONFLICT_REVIEW,True,-1.3525971535913146
2,2026_02_NYG_LA,NYG,LA,00-0038399,Zaire Barnes,LB,LB,CONTROL,5.058046631221755,0,0,True,ROLE_ALIGNED,True,-5.058046631221755
2,2026_02_PHI_TEN,TEN,PHI,00-0038407,Jaylon Jones,DB,DB,CONTROL,2.371010206167824,0,0,False,ROLE_ALIGNED,True,-2.371010206167824
2,2026_02_GB_NYJ,GB,NYJ,00-0038408,Carrington Valentine,DB,DB,CONTROL,1.6063000236189475,0,0,True,ROLE_ALIGNED,True,-1.6063000236189475
2,2026_02_PHI_TEN,PHI,TEN,00-0038412,Moro Ojomo,DL,EDGE,CONTROL,2.2751205901161726,4,4,True,STARTER_CONFLICT_REVIEW,True,1.7248794098838274
2,2026_02_LV_LAC,LAC,LV,00-0038414,Kendall Williamson,DB,DB,CONTROL,1.2304399096076661,0,0,False,ROLE_ALIGNED,True,-1.2304399096076661
2,2026_02_GB_NYJ,GB,NYJ,00-0038463,Brenton Cox Jr.,LB,EDGE,CONTROL,1.8107079655798288,2,2,True,ROLE_ALIGNED,True,0.18929203442017117
2,2026_02_CAR_ATL,CAR,ATL,00-0038493,Claudin Cherelus,LB,LB,CONTROL,2.389095812330001,0,0,False,ROLE_ALIGNED,True,-2.389095812330001
2,2026_02_NO_BAL,BAL,NO,00-0038504,Trenton Simpson,LB,LB,CONTROL,4.712293344119872,6,6,True,ROLE_ALIGNED,True,1.287706655880128
2,2026_02_NO_BAL,BAL,NO,00-0038505,Tavius Robinson,LB,LB,CONTROL,2.9638475759062937,2,2,True,ROLE_ALIGNED,True,-0.9638475759062937
2,2026_02_PHI_TEN,TEN,PHI,00-0038514,Truman Jones,DL,EDGE,CONTROL,1.0075961628586012,1,1,True,ROLE_ALIGNED,True,-0.0075961628586012075
2,2026_02_MIA_SF,MIA,SF,00-0038521,Reese Taylor,DB,DB,CONTROL,1.980242132695341,0,0,False,ROLE_ALIGNED,True,-1.980242132695341
2,2026_02_NO_BAL,NO,BAL,00-0038541,Tyree Wilson,LB,EDGE,CONTROL,2.086253431455225,0,0,False,ROLE_ALIGNED,True,-2.086253431455225
2,2026_02_CIN_HOU,CIN,HOU,00-0038546,Myles Murphy,DL,EDGE,CONTROL,2.9455267896372166,1,1,True,ROLE_ALIGNED,True,-1.9455267896372166
2,2026_02_CIN_HOU,CIN,HOU,00-0038549,DJ Turner II,DB,DB,CONTROL,2.8680580766960957,5,5,True,ROLE_ALIGNED,True,2.1319419233039043
2,2026_02_JAX_DEN,DEN,JAX,00-0038552,Riley Moss,DB,DB,CONTROL,4.696126047684786,2,2,True,REVIEW_BACKUP_CONFLICT,False,-2.6961260476847864
2,2026_02_LV_LAC,LAC,LV,00-0038553,Daiyan Henley,LB,LB,CONTROL,5.920024635374978,3,3,True,ROLE_ALIGNED,True,-2.920024635374978
2,2026_02_MIA_SF,SF,MIA,00-0038554,Ji'Ayir Brown,DB,DB,CONTROL,4.602169962876986,12,12,True,ROLE_ALIGNED,True,7.397830037123014
2,2026_02_WAS_DAL,DAL,WAS,00-0038556,DeMarvion Overshown,LB,LB,CONTROL,5.072268039246025,0,0,False,STARTER_CONFLICT_REVIEW,True,-5.072268039246025
2,2026_02_DET_BUF,BUF,DET,00-0038557,Dorian Williams,LB,LB,CONTROL,4.613508487217614,6,6,True,STARTER_CONFLICT_REVIEW,True,1.3864915127823858
2,2026_02_CIN_HOU,CIN,HOU,00-0038560,Jordan Battle,DB,DB,CONTROL,5.661242741504254,8,8,True,ROLE_ALIGNED,True,2.338757258495746
2,2026_02_CLE_TB,CLE,TB,00-0038565,Mekhi Blackmon,DB,DB,CONTROL,2.303314090348501,2,2,True,ROLE_ALIGNED,True,-0.303314090348501
2,2026_02_MIN_CHI,CHI,MIN,00-0038568,Clark Phillips III,DB,DB,CONTROL,3.1749566999009686,0,0,False,REVIEW_BACKUP_CONFLICT,False,-3.1749566999009686
2,2026_02_JAX_DEN,JAX,DEN,00-0038570,Ventrell Miller,LB,LB,CONTROL,3.873088264991828,7,7,True,STARTER_CONFLICT_REVIEW,True,3.126911735008172
2,2026_02_CLE_TB,CLE,TB,00-0038574,Isaiah McGuire,DL,EDGE,CONTROL,1.9650676805655365,4,4,True,STARTER_CONFLICT_REVIEW,True,2.0349323194344633
2,2026_02_PIT_NE,PIT,NE,00-0038577,Nick Herbig,LB,LB,CONTROL,2.3897332936336135,6,7,True,ROLE_ALIGNED,True,3.6102667063663865
2,2026_02_MIN_CHI,MIN,CHI,00-0038578,Jay Ward,DB,DB,CONTROL,4.028881655396959,0,0,False,REVIEW_BACKUP_CONFLICT,False,-4.028881655396959
2,2026_02_CAR_ATL,ATL,CAR,00-0038580,Yasir Abdullah,LB,LB,CONTROL,0.785868711215409,1,1,True,ROLE_ALIGNED,True,0.21413128878459098
2,2026_02_NO_BAL,NO,BAL,00-0038588,Jordan Howden,DB,DB,CONTROL,1.327441109894567,0,0,False,ROLE_ALIGNED,True,-1.327441109894567
2,2026_02_SEA_ARI,SEA,ARI,00-0038591,Mike Morris,DL,EDGE,CONTROL,0.791374250457869,0,0,False,ROLE_ALIGNED,True,-0.791374250457869
2,2026_02_LV_LAC,LV,LAC,00-0038594,Darrell Luter Jr.,DB,DB,CONTROL,3.821998585180831,0,0,False,REVIEW_BACKUP_CONFLICT,False,-3.821998585180831
2,2026_02_JAX_DEN,JAX,DEN,00-0038596,Antonio Johnson,DB,DB,CONTROL,3.95259770907067,6,6,True,ROLE_ALIGNED,True,2.04740229092933
2,2026_02_PHI_TEN,TEN,PHI,00-0038600,Owen Pappoe,LB,LB,CONTROL,2.4888443305258185,0,0,False,ROLE_ALIGNED,True,-2.4888443305258185
2,2026_02_MIA_SF,MIA,SF,00-0038603,Rob Beal Jr.,DL,EDGE,CONTROL,1.281252446788658,0,0,True,ROLE_ALIGNED,True,-1.281252446788658
2,2026_02_JAX_DEN,DEN,JAX,00-0038605,JL Skinner,DB,DB,CONTROL,0.9219467773988108,0,0,True,ROLE_ALIGNED,True,-0.9219467773988108
2,2026_02_JAX_DEN,JAX,DEN,00-0038616,Christian Braswell,DB,DB,CONTROL,1.375921926291898,0,0,False,ROLE_ALIGNED,True,-1.375921926291898
2,2026_02_SEA_ARI,ARI,SEA,00-0038623,Dante Stills,DL,EDGE,CONTROL,2.0410083959059375,7,7,True,STARTER_CONFLICT_REVIEW,True,4.958991604094063
2,2026_02_WAS_DAL,DAL,WAS,00-0038624,Ameer Speed,DB,DB,CONTROL,0.8541592996138153,0,0,True,ROLE_ALIGNED,True,-0.8541592996138153
2,2026_02_WAS_DAL,DAL,WAS,00-0038625,Dee Winters,LB,LB,CONTROL,3.9633359209805783,9,9,True,ROLE_ALIGNED,True,5.036664079019422
2,2026_02_CAR_ATL,ATL,CAR,00-0038628,DeMarcco Hellams,DB,DB,CONTROL,1.7330275494219425,0,0,True,ROLE_ALIGNED,True,-1.7330275494219425
2,2026_02_CIN_HOU,CIN,HOU,00-0038642,D.J. Ivey,DB,DB,CONTROL,1.4326934376676987,0,0,True,ROLE_ALIGNED,True,-1.4326934376676987
2,2026_02_PIT_NE,NE,PIT,00-0038653,Cory Durden,DL,DL,CONTROL,2.6748365574719735,2,2,True,STARTER_CONFLICT_REVIEW,True,-0.6748365574719735
2,2026_02_DET_BUF,DET,BUF,00-0038660,Trevor Nowaske,LB,EDGE,CONTROL,1.0470784160901918,0,0,True,ROLE_ALIGNED,True,-1.0470784160901918
2,2026_02_SEA_ARI,SEA,ARI,00-0038694,Brandon Pili,DL,DL,CONTROL,0.8219913094421286,0,0,False,ROLE_ALIGNED,True,-0.8219913094421286
2,2026_02_CLE_TB,CLE,TB,00-0038715,Ronnie Hickman Jr.,DB,DB,CONTROL,5.528380463935329,3,3,True,ROLE_ALIGNED,True,-2.5283804639353287
2,2026_02_WAS_DAL,DAL,WAS,00-0038742,Tyrus Wheat,LB,LB,CONTROL,1.1300453490614453,1,1,True,ROLE_ALIGNED,True,-0.13004534906144527
2,2026_02_SEA_ARI,SEA,ARI,00-0038764,Patrick O'Connell,LB,LB,CONTROL,1.0549346448603267,0,0,True,ROLE_ALIGNED,True,-1.0549346448603267
2,2026_02_SEA_ARI,SEA,ARI,00-0038765,Ty Okada,DB,DB,CONTROL,4.260211519383381,0,0,False,ROLE_ALIGNED,True,-4.260211519383381
2,2026_02_MIN_CHI,MIN,CHI,00-0038778,Jalen Redmond,DL,EDGE,CONTROL,3.643526307489994,3,4,True,ROLE_ALIGNED,True,-0.643526307489994
2,2026_02_SEA_ARI,ARI,SEA,00-0038782,Eku Leota,LB,EDGE,CONTROL,1.3249426084133595,0,0,True,ROLE_ALIGNED,True,-1.3249426084133595
2,2026_02_CAR_ATL,CAR,ATL,00-0038791,Thomas Incoom,LB,LB,CONTROL,0.8916531989523332,2,2,True,ROLE_ALIGNED,True,1.108346801047667
2,2026_02_MIN_CHI,MIN,CHI,00-0038807,Ivan Pace Jr.,LB,LB,CONTROL,1.8875313083350131,2,3,True,ROLE_ALIGNED,True,0.11246869166498685
2,2026_02_DET_BUF,DET,BUF,00-0038820,Christian Izien,DB,DB,CONTROL,3.573415867568425,2,2,True,ROLE_ALIGNED,True,-1.5734158675684249
2,2026_02_SEA_ARI,SEA,ARI,00-0038866,AJ Finley,DB,DB,CONTROL,0.960696430903867,0,0,True,ROLE_ALIGNED,True,-0.960696430903867
2,2026_02_SEA_ARI,SEA,ARI,00-0038922,Drake Thomas,LB,LB,CONTROL,6.617608663457444,7,7,True,ROLE_ALIGNED,True,0.38239133654255575
2,2026_02_DET_BUF,DET,BUF,00-0038940,Tyler Lacy,DL,EDGE,CONTROL,1.7734277773521683,2,2,True,ROLE_ALIGNED,True,0.22657222264783172
2,2026_02_PHI_TEN,PHI,TEN,00-0038978,Byron Young,DL,EDGE,CONTROL,1.8481621090867117,0,0,True,ROLE_ALIGNED,True,-1.8481621090867117
2,2026_02_IND_KC,KC,IND,00-0038982,Chamarri Conner,DB,DB,CONTROL,4.979825206284263,0,0,False,ROLE_ALIGNED,True,-4.979825206284263
2,2026_02_SEA_ARI,ARI,SEA,00-0038984,Kei'Trel Clark,DB,DB,CONTROL,1.2604087745725396,1,1,True,ROLE_ALIGNED,True,-0.26040877457253964
2,2026_02_NYG_LA,NYG,LA,00-0038986,Nic Jones,DB,DB,CONTROL,1.1480888855813718,1,1,True,ROLE_ALIGNED,True,-0.1480888855813718
2,2026_02_NYG_LA,NYG,LA,00-0039000,Deonte Banks,DB,DB,CONTROL,3.2909917450432538,0,0,False,ROLE_ALIGNED,True,-3.2909917450432538
2,2026_02_CAR_ATL,ATL,CAR,00-0039002,Sydney Brown,DB,DB,CONTROL,3.2256151770796455,1,1,True,ROLE_ALIGNED,True,-2.2256151770796455
2,2026_02_IND_KC,KC,IND,00-0039006,Felix Anudike-Uzomah,DL,EDGE,CONTROL,1.8025849554998148,0,0,True,STARTER_CONFLICT_REVIEW,True,-1.8025849554998148
2,2026_02_SEA_ARI,ARI,SEA,00-0039007,Garrett Williams,DB,DB,CONTROL,3.016235818996089,0,0,False,ROLE_ALIGNED,True,-3.016235818996089
2,2026_02_PHI_TEN,PHI,TEN,00-0039013,Nolan Smith,LB,LB,CONTROL,2.968009859346553,3,3,True,STARTER_CONFLICT_REVIEW,True,0.031990140653447074
2,2026_02_DET_BUF,DET,BUF,00-0039018,Jack Campbell,LB,LB,CONTROL,9.03407071917544,6,6,True,ROLE_ALIGNED,True,-3.034070719175441
2,2026_02_IND_KC,IND,KC,00-0039031,Adetomiwa Adebawore,DL,DL,CONTROL,1.634543017805742,0,0,True,ROLE_ALIGNED,True,-1.634543017805742
2,2026_02_SEA_ARI,SEA,ARI,00-0039047,Derick Hall,LB,LB,CONTROL,2.7378536054400127,1,1,True,ROLE_ALIGNED,True,-1.7378536054400127
2,2026_02_CLE_TB,TB,CLE,00-0039049,SirVocea Dennis,LB,LB,CONTROL,3.4358016127291195,1,1,True,ROLE_ALIGNED,True,-2.4358016127291195
2,2026_02_NYG_LA,LA,NYG,00-0039061,Desjuan Johnson,LB,LB,CONTROL,2.4581134867978554,1,1,True,STARTER_CONFLICT_REVIEW,True,-1.4581134867978554
2,2026_02_CLE_TB,TB,CLE,00-0039063,Calijah Kancey,DL,EDGE,CONTROL,1.5522115176825253,1,1,True,STARTER_CONFLICT_REVIEW,True,-0.5522115176825253
2,2026_02_CLE_TB,TB,CLE,00-0039068,Yaya Diaby,LB,LB,CONTROL,3.3067093411464494,3,3,True,ROLE_ALIGNED,True,-0.30670934114644943
2,2026_02_CAR_ATL,ATL,CAR,00-0039070,Gervon Dexter Sr.,DL,DL,CONTROL,2.5952058662235196,2,2,True,STARTER_CONFLICT_REVIEW,True,-0.5952058662235196
2,2026_02_MIN_CHI,CHI,MIN,00-0039071,Tyrique Stevenson,DB,DB,CONTROL,3.8963267832504895,5,5,True,STARTER_CONFLICT_REVIEW,True,1.1036732167495105
2,2026_02_CIN_HOU,HOU,CIN,00-0039108,Will Anderson Jr.,DL,EDGE,CONTROL,3.2353085068993943,8,8,True,ROLE_ALIGNED,True,4.764691493100606
2,2026_02_PIT_NE,PIT,NE,00-0039110,Keeanu Benton,DL,DL,CONTROL,2.9579545871903097,3,3,True,STARTER_CONFLICT_REVIEW,True,0.04204541280969032
2,2026_02_LV_LAC,LAC,LV,00-0039111,Tuli Tuipulotu,LB,LB,CONTROL,3.602990534383634,1,1,True,ROLE_ALIGNED,True,-2.602990534383634
2,2026_02_GB_NYJ,GB,NYJ,00-0039112,Lukas Van Ness,LB,LB,CONTROL,3.0956649209085887,9,9,True,STARTER_CONFLICT_REVIEW,True,5.904335079091411
2,2026_02_NYG_LA,LA,NYG,00-0039137,Byron Young,LB,LB,CONTROL,4.406771146195745,5,5,True,ROLE_ALIGNED,True,0.5932288538042547
2,2026_02_NYG_LA,LA,NYG,00-0039138,Kobie Turner,DL,EDGE,CONTROL,3.5772245256821478,4,4,True,STARTER_CONFLICT_REVIEW,True,0.42277547431785223
2,2026_02_PHI_TEN,PHI,TEN,00-0039140,Kelee Ringo,DB,DB,CONTROL,2.961255613074172,0,0,False,ROLE_ALIGNED,True,-2.961255613074172
2,2026_02_GB_NYJ,NYJ,GB,00-0039142,Will McDonald IV,LB,EDGE,CONTROL,1.8335385179400179,0,0,True,STARTER_CONFLICT_REVIEW,True,-1.8335385179400179
2,2026_02_PIT_NE,NE,PIT,00-0039147,Christian Gonzalez,DB,DB,CONTROL,4.440373837629664,4,4,True,ROLE_ALIGNED,True,-0.4403738376296644
2,2026_02_MIA_SF,SF,MIA,00-0039148,Keion White,DL,EDGE,CONTROL,1.752786707533304,2,2,True,STARTER_CONFLICT_REVIEW,True,0.2472132924666961
2,2026_02_WAS_DAL,WAS,DAL,00-0039149,Quan Martin,DB,DB,CONTROL,2.761898602426648,2,2,True,ROLE_ALIGNED,True,-0.7618986024266481
2,2026_02_NYG_LA,LA,NYG,00-0039151,Emmanuel Forbes,DB,DB,CONTROL,3.253990491581309,0,0,True,REVIEW_BACKUP_CONFLICT,False,-3.253990491581309
2,2026_02_MIA_SF,MIA,SF,00-0039156,Julius Brents,DB,DB,CONTROL,2.9476553642663323,2,2,True,STARTER_CONFLICT_REVIEW,True,-0.9476553642663323
2,2026_02_PIT_NE,PIT,NE,00-0039167,Joey Porter Jr.,DB,DB,CONTROL,4.137863397049,0,0,False,ROLE_ALIGNED,True,-4.137863397049
2,2026_02_SEA_ARI,SEA,ARI,00-0039169,Devon Witherspoon,DB,DB,CONTROL,5.495432973179703,8,8,True,ROLE_ALIGNED,True,2.504567026820297
2,2026_02_NYG_LA,NYG,LA,00-0039176,Basil Okoye,DL,DL,CONTROL,0.7270129454277041,1,1,False,ROLE_ALIGNED,True,0.2729870545722959
2,2026_02_IND_KC,IND,KC,00-0039178,Austin Ajiake,LB,LB,CONTROL,0.8158471648419465,0,0,False,ROLE_ALIGNED,True,-0.8158471648419465
2,2026_02_NO_BAL,BAL,NO,00-0039232,Nate Wiggins,DB,DB,CONTROL,4.860420016764491,6,6,True,ROLE_ALIGNED,True,1.1395799832355094
2,2026_02_NO_BAL,BAL,NO,00-0039234,T.J. Tampa,DB,DB,CONTROL,0.8177618688846924,0,0,False,ROLE_ALIGNED,True,-0.8177618688846924
2,2026_02_GB_NYJ,NYJ,GB,00-0039284,Braiden McGregor,LB,EDGE,CONTROL,1.611745932556557,1,1,True,ROLE_ALIGNED,True,-0.6117459325565571
2,2026_02_PIT_NE,NE,PIT,00-0039289,Leonard Taylor III,DL,EDGE,CONTROL,1.3263007776937201,0,0,False,ROLE_ALIGNED,True,-1.3263007776937201
2,2026_02_SEA_ARI,SEA,ARI,00-0039309,Byron Murphy II,DL,DL,CONTROL,2.8071893405390984,2,2,True,ROLE_ALIGNED,True,-0.8071893405390984
2,2026_02_CIN_HOU,CIN,HOU,00-0039313,Swayze Bozeman,LB,LB,CONTROL,1.9129844100172781,0,0,False,ROLE_ALIGNED,True,-1.9129844100172781
2,2026_02_IND_KC,KC,IND,00-0039324,Christian Roland-Wallace,DB,DB,CONTROL,2.041108600041574,1,1,True,ROLE_ALIGNED,True,-1.0411086000415741
2,2026_02_IND_KC,IND,KC,00-0039340,Laiatu Latu,DL,EDGE,CONTROL,2.895885435902919,4,4,True,ROLE_ALIGNED,True,1.104114564097081
2,2026_02_CIN_HOU,HOU,CIN,00-0039343,Kamari Lassiter,DB,DB,CONTROL,4.977658795600114,5,5,True,ROLE_ALIGNED,True,0.022341204399886294
2,2026_02_MIA_SF,SF,MIA,00-0039345,Renardo Green,DB,DB,CONTROL,4.246801286241848,2,2,True,ROLE_ALIGNED,True,-2.2468012862418476
2,2026_02_GB_NYJ,NYJ,GB,00-0039347,Trevin Wallace,LB,LB,CONTROL,5.654719689649918,0,0,False,REVIEW_BACKUP_CONFLICT,False,-5.654719689649918
2,2026_02_JAX_DEN,JAX,DEN,00-0039353,Jarrian Jones,DB,DB,CONTROL,3.233431221784574,2,2,True,REVIEW_BACKUP_CONFLICT,False,-1.2334312217845742
2,2026_02_NO_BAL,NO,BAL,00-0039357,Decamerion Richardson,DB,DB,CONTROL,2.972208037061382,0,0,False,ROLE_ALIGNED,True,-2.972208037061382
2,2026_02_MIA_SF,SF,MIA,00-0039360,Malik Mustapha,DB,DB,CONTROL,3.458017234595905,0,0,True,STARTER_CONFLICT_REVIEW,True,-3.458017234595905
2,2026_02_LV_LAC,LAC,LV,00-0039366,Tarheeb Still,DB,DB,CONTROL,3.4686953566796896,2,2,True,ROLE_ALIGNED,True,-1.4686953566796896
2,2026_02_WAS_DAL,WAS,DAL,00-0039368,Jordan Magee,LB,LB,CONTROL,2.7851280028318057,0,0,False,ROLE_ALIGNED,True,-2.7851280028318057
2,2026_02_LV_LAC,LAC,LV,00-0039369,Cam Hart,DB,DB,CONTROL,3.57147686322854,4,4,True,ROLE_ALIGNED,True,0.42852313677146014
2,2026_02_JAX_DEN,DEN,JAX,00-0039371,Kris Abrams-Draine,DB,DB,CONTROL,1.8637568767294512,0,0,False,ROLE_ALIGNED,True,-1.8637568767294512
2,2026_02_GB_NYJ,NYJ,GB,00-0039372,Jarvis Brownlee Jr.,DB,DB,CONTROL,4.621356562843048,2,2,True,ROLE_ALIGNED,True,-2.621356562843048
2,2026_02_LV_LAC,LV,LAC,00-0039374,Tommy Eichenberg,LB,LB,CONTROL,1.8412210996548928,2,2,True,ROLE_ALIGNED,True,0.15877890034510722
2,2026_02_CIN_HOU,CIN,HOU,00-0039375,Josh Newton,DB,DB,CONTROL,1.6254812809225976,0,0,False,ROLE_ALIGNED,True,-1.6254812809225976
2,2026_02_IND_KC,IND,KC,00-0039377,Jaylon Carlies,LB,LB,CONTROL,3.750705348745471,6,6,True,STARTER_CONFLICT_REVIEW,True,2.249294651254529
2,2026_02_CAR_ATL,CAR,ATL,00-0039380,Chau Smith-Wade,DB,DB,CONTROL,2.92798738324058,0,0,False,STARTER_CONFLICT_REVIEW,True,-2.92798738324058
2,2026_02_WAS_DAL,DAL,WAS,00-0039387,Caelen Carson,DB,DB,CONTROL,4.019710565624275,0,0,False,REVIEW_BACKUP_CONFLICT,False,-4.019710565624275
2,2026_02_MIA_SF,MIA,SF,00-0039390,Marcellas Dial Jr.,DB,DB,CONTROL,2.8677826845479095,0,0,False,ROLE_ALIGNED,True,-2.8677826845479095
2,2026_02_DET_BUF,DET,BUF,00-0039396,Mekhi Wingo,DL,DL,CONTROL,1.8688562568713862,0,0,False,ROLE_ALIGNED,True,-1.8688562568713862
2,2026_02_NO_BAL,NO,BAL,00-0039401,Khristian Boyd,DL,DL,CONTROL,1.4832161432934319,0,0,True,ROLE_ALIGNED,True,-1.4832161432934319
2,2026_02_CIN_HOU,HOU,CIN,00-0039402,Jaden Crumedy,DL,DL,CONTROL,1.6297519662410556,0,0,True,ROLE_ALIGNED,True,-1.6297519662410556
2,2026_02_WAS_DAL,WAS,DAL,00-0039412,Javontae Jean-Baptiste,LB,LB,CONTROL,1.70057604552866,2,2,True,ROLE_ALIGNED,True,0.29942395447133996
2,2026_02_CLE_TB,CLE,TB,00-0039417,Myles Harden,DB,DB,CONTROL,2.638846800218019,5,5,True,STARTER_CONFLICT_REVIEW,True,2.361153199781981
2,2026_02_MIN_CHI,MIN,CHI,00-0039421,Levi Drake Rodriguez,DL,EDGE,CONTROL,2.451070671370435,2,2,True,STARTER_CONFLICT_REVIEW,True,-0.4510706713704349
2,2026_02_LV_LAC,LV,LAC,00-0039423,Jonah Laulu,DL,EDGE,CONTROL,2.22965745159957,1,1,True,STARTER_CONFLICT_REVIEW,True,-1.2296574515995702
2,2026_02_PHI_TEN,TEN,PHI,00-0039430,James Williams,LB,LB,CONTROL,3.5546026125808465,0,0,False,STARTER_CONFLICT_REVIEW,True,-3.5546026125808465
2,2026_02_GB_NYJ,NYJ,GB,00-0039431,Jowon Briggs,DL,DL,CONTROL,2.045632540805719,4,4,True,ROLE_ALIGNED,True,1.9543674591942808
2,2026_02_MIA_SF,SF,MIA,00-0039435,Tatum Bethune,LB,LB,CONTROL,7.684586604225727,0,0,False,REVIEW_BACKUP_CONFLICT,False,-7.684586604225727
2,2026_02_MIN_CHI,CHI,MIN,00-0039461,Jamree Kromah,DL,EDGE,CONTROL,0.7662156808131757,0,0,False,ROLE_ALIGNED,True,-0.7662156808131757
2,2026_02_CLE_TB,CLE,TB,00-0039515,Winston Reid,LB,LB,CONTROL,1.3198570775178433,0,0,False,ROLE_ALIGNED,True,-1.3198570775178433
2,2026_02_MIA_SF,MIA,SF,00-0039532,Julius Wood,DB,DB,CONTROL,0.7457232031976175,1,1,True,ROLE_ALIGNED,True,0.25427679680238247
2,2026_02_NO_BAL,NO,BAL,00-0039622,Isaiah Stalbird,LB,LB,CONTROL,0.974965872383624,0,0,False,ROLE_ALIGNED,True,-0.974965872383624
2,2026_02_CIN_HOU,CIN,HOU,00-0039632,PJ Jules,DB,DB,CONTROL,1.2166253119484196,0,0,False,ROLE_ALIGNED,True,-1.2166253119484196
2,2026_02_DET_BUF,DET,BUF,00-0039660,Thomas Harper,DB,DB,CONTROL,3.3714631378589504,2,2,True,ROLE_ALIGNED,True,-1.3714631378589504
2,2026_02_WAS_DAL,WAS,DAL,00-0039681,Tyler Owens,DB,DB,CONTROL,0.9236626834892305,0,0,False,ROLE_ALIGNED,True,-0.9236626834892305
2,2026_02_PIT_NE,NE,PIT,00-0039692,Dell Pettus,DB,DB,CONTROL,1.8954262444754963,0,0,False,ROLE_ALIGNED,True,-1.8954262444754963
2,2026_02_MIN_CHI,MIN,CHI,00-0039718,Bo Richter,LB,LB,CONTROL,1.0582622201121625,0,0,False,ROLE_ALIGNED,True,-1.0582622201121625
2,2026_02_NO_BAL,NO,BAL,00-0039725,Jayden Price,DB,DB,CONTROL,1.793371755734061,0,0,False,ROLE_ALIGNED,True,-1.793371755734061
2,2026_02_JAX_DEN,JAX,DEN,00-0039733,Ruke Orhorhoro,DL,DL,CONTROL,1.21850492110742,0,0,True,ROLE_ALIGNED,True,-1.21850492110742
2,2026_02_NYG_LA,LA,NYG,00-0039734,Braden Fiske,DL,EDGE,CONTROL,2.096686514620929,0,0,True,ROLE_ALIGNED,True,-2.096686514620929
2,2026_02_PHI_TEN,PHI,TEN,00-0039740,Jalyx Hunt,LB,LB,CONTROL,3.9005838043161907,5,5,True,ROLE_ALIGNED,True,1.0994161956838093
2,2026_02_PIT_NE,PIT,NE,00-0039741,Payton Wilson,LB,LB,CONTROL,6.217604196413785,5,5,True,ROLE_ALIGNED,True,-1.2176041964137854
2,2026_02_NYG_LA,LA,NYG,00-0039749,Tyler Davis,DL,EDGE,CONTROL,2.7208273922292827,0,0,True,ROLE_ALIGNED,True,-2.7208273922292827
2,2026_02_CIN_HOU,CIN,HOU,00-0039752,Cedric Johnson,DL,EDGE,CONTROL,1.349217093527744,3,3,True,ROLE_ALIGNED,True,1.650782906472256
2,2026_02_DET_BUF,BUF,DET,00-0039763,Joe Andreessen,LB,LB,CONTROL,4.509271140658036,0,0,False,ROLE_ALIGNED,True,-4.509271140658036
2,2026_02_PIT_NE,NE,PIT,00-0039770,Charles Woods,DB,DB,CONTROL,0.920975750398186,10,10,True,ROLE_ALIGNED,True,9.079024249601813
2,2026_02_NYG_LA,LA,NYG,00-0039772,Josh Wallace,DB,DB,CONTROL,1.6445953682249832,2,2,True,ROLE_ALIGNED,True,0.3554046317750168
2,2026_02_NYG_LA,LA,NYG,00-0039774,Omar Speights,LB,LB,CONTROL,4.319538732571777,3,3,True,STARTER_CONFLICT_REVIEW,True,-1.3195387325717771
2,2026_02_NYG_LA,LA,NYG,00-0039776,Jaylen McCollough,DB,DB,CONTROL,3.6555702838346242,1,1,True,ROLE_ALIGNED,True,-2.6555702838346242
2,2026_02_GB_NYJ,NYJ,GB,00-0039789,Qwan'tez Stiggers,DB,DB,CONTROL,3.5812042365766654,0,0,False,REVIEW_BACKUP_CONFLICT,False,-3.5812042365766654
2,2026_02_SEA_ARI,SEA,ARI,00-0039795,Nehemiah Pritchett,DB,DB,CONTROL,2.328559866314533,1,1,True,ROLE_ALIGNED,True,-1.3285598663145328
2,2026_02_SEA_ARI,ARI,SEA,00-0039807,Max Melton,DB,DB,CONTROL,2.3332119413370767,3,3,True,ROLE_ALIGNED,True,0.6667880586629233
2,2026_02_JAX_DEN,DEN,JAX,00-0039809,Jonah Elliss,LB,LB,CONTROL,2.636489234089004,3,3,True,STARTER_CONFLICT_REVIEW,True,0.3635107659109962
2,2026_02_GB_NYJ,GB,NYJ,00-0039812,Ty'Ron Hopper,LB,LB,CONTROL,3.6347092659018556,0,0,False,ROLE_ALIGNED,True,-3.6347092659018556
2,2026_02_GB_NYJ,GB,NYJ,00-0039813,Evan Williams,DB,DB,CONTROL,5.100803594990483,8,8,True,ROLE_ALIGNED,True,2.8991964050095174
2,2026_02_SEA_ARI,SEA,ARI,00-0039815,Tyrice Knight,LB,LB,CONTROL,2.0155141767668043,0,0,True,ROLE_ALIGNED,True,-2.0155141767668043
2,2026_02_GB_NYJ,GB,NYJ,00-0039818,Kitan Oladapo,DB,DB,CONTROL,2.8814162519070083,0,0,False,ROLE_ALIGNED,True,-2.8814162519070083
2,2026_02_NYG_LA,NYG,LA,00-0039821,Andru Phillips,DB,DB,CONTROL,3.7384023019655035,1,1,True,ROLE_ALIGNED,True,-2.7384023019655035
2,2026_02_IND_KC,KC,IND,00-0039825,Jaden Hicks,DB,DB,CONTROL,3.7495320077195795,10,10,True,REVIEW_BACKUP_CONFLICT,False,6.25046799228042
2,2026_02_PHI_TEN,PHI,TEN,00-0039826,Jeremiah Trotter Jr.,LB,LB,CONTROL,4.963751905429736,0,0,False,ROLE_ALIGNED,True,-4.963751905429736
2,2026_02_PIT_NE,NE,PIT,00-0039829,Darius Muasau,LB,LB,CONTROL,3.538066158054624,0,0,False,ROLE_ALIGNED,True,-3.538066158054624
2,2026_02_GB_NYJ,GB,NYJ,00-0039831,Kamal Hadden,DB,DB,CONTROL,1.8427442320401435,0,0,False,ROLE_ALIGNED,True,-1.8427442320401435
2,2026_02_NYG_LA,LA,NYG,00-0039834,Kamren Kinchens,DB,DB,CONTROL,5.029328517873515,0,0,False,ROLE_ALIGNED,True,-5.029328517873515
2,2026_02_LV_LAC,LAC,LV,00-0039835,Justin Eboigbe,DL,EDGE,CONTROL,2.3701033282441624,4,4,True,ROLE_ALIGNED,True,1.6298966717558376
2,2026_02_CIN_HOU,HOU,CIN,00-0039838,Calen Bullock,DB,DB,CONTROL,4.940555441096365,0,0,True,ROLE_ALIGNED,True,-4.940555441096365
2,2026_02_MIN_CHI,CHI,MIN,00-0039840,Austin Booker,DL,EDGE,CONTROL,3.054484545115623,1,1,True,REVIEW_BACKUP_CONFLICT,False,-2.054484545115623
2,2026_02_PHI_TEN,PHI,TEN,00-0039841,Cooper DeJean,DB,DB,CONTROL,5.049107244867751,5,5,True,REVIEW_BACKUP_CONFLICT,False,-0.0491072448677512
2,2026_02_CLE_TB,TB,CLE,00-0039846,Tykee Smith,DB,DB,CONTROL,4.288714600693911,5,5,True,ROLE_ALIGNED,True,0.7112853993060888
2,2026_02_GB_NYJ,GB,NYJ,00-0039850,Edgerrin Cooper,LB,LB,CONTROL,6.5811995340097,8,8,True,ROLE_ALIGNED,True,1.4188004659902997
2,2026_02_CLE_TB,CLE,TB,00-0039852,Jared Verse,DL,EDGE,CONTROL,3.0579705046652617,1,1,True,STARTER_CONFLICT_REVIEW,True,-2.0579705046652617
2,2026_02_SEA_ARI,ARI,SEA,00-0039854,Darius Robinson,DL,EDGE,CONTROL,2.781572362683469,6,6,True,ROLE_ALIGNED,True,3.218427637316531
2,2026_02_PHI_TEN,TEN,PHI,00-0039858,Cedric Gray,LB,LB,CONTROL,9.732983360755371,4,4,True,ROLE_ALIGNED,True,-5.732983360755371
2,2026_02_CAR_ATL,ATL,CAR,00-0039859,Brandon Dorlus,DL,EDGE,CONTROL,1.7615794068842903,1,1,True,STARTER_CONFLICT_REVIEW,True,-0.7615794068842903
2,2026_02_NO_BAL,NO,BAL,00-0039860,Kool-Aid McKinstry,DB,DB,CONTROL,4.400475844325052,3,3,True,ROLE_ALIGNED,True,-1.4004758443250518
2,2026_02_NYG_LA,NYG,LA,00-0039861,Tyler Nubin,DB,DB,CONTROL,5.521153425424852,8,8,True,ROLE_ALIGNED,True,2.4788465745751482
2,2026_02_DET_BUF,DET,BUF,00-0039862,Ennis Rakestraw Jr.,DB,DB,CONTROL,1.0735963012620036,0,0,False,ROLE_ALIGNED,True,-1.0735963012620036
2,2026_02_SEA_ARI,ARI,SEA,00-0039864,Dadrion Taylor-Demerson,DB,DB,CONTROL,4.062951618124077,0,0,True,ROLE_ALIGNED,True,-4.062951618124077
2,2026_02_GB_NYJ,GB,NYJ,00-0039867,Javon Bullard,DB,DB,CONTROL,3.2899625604171634,7,7,True,STARTER_CONFLICT_REVIEW,True,3.7100374395828366
2,2026_02_DET_BUF,BUF,DET,00-0039872,Cole Bishop,DB,DB,CONTROL,4.615685425710813,6,6,True,ROLE_ALIGNED,True,1.3843145742891867
2,2026_02_DET_BUF,BUF,DET,00-0039873,DeWayne Carter,DL,EDGE,CONTROL,1.5203299056215558,1,1,True,ROLE_ALIGNED,True,-0.5203299056215558
2,2026_02_DET_BUF,BUF,DET,00-0039879,Javon Solomon,LB,LB,CONTROL,1.4997533919184334,0,0,True,ROLE_ALIGNED,True,-1.4997533919184334
2,2026_02_GB_NYJ,NYJ,GB,00-0039886,T'Vondre Sweat,DL,DL,CONTROL,2.4688304927128937,4,4,True,STARTER_CONFLICT_REVIEW,True,1.5311695072871063
2,2026_02_PHI_TEN,PHI,TEN,00-0039888,Quinyon Mitchell,DB,DB,CONTROL,2.8014550609595106,6,6,True,ROLE_ALIGNED,True,3.1985449390404894
2,2026_02_CAR_ATL,ATL,CAR,00-0039889,Maason Smith,DL,DL,CONTROL,1.843769642879164,3,3,True,ROLE_ALIGNED,True,1.156230357120836
2,2026_02_CLE_TB,CLE,TB,00-0039895,Mike Hall Jr.,DL,DL,CONTROL,1.6971293350899879,0,0,True,ROLE_ALIGNED,True,-1.6971293350899879
2,2026_02_WAS_DAL,WAS,DAL,00-0039898,Mike Sainristil,DB,DB,CONTROL,4.653777683673891,4,4,True,ROLE_ALIGNED,True,-0.6537776836738907
2,2026_02_CIN_HOU,CIN,HOU,00-0039908,Kris Jenkins,DL,DL,CONTROL,1.5603282930669582,1,1,True,ROLE_ALIGNED,True,-0.5603282930669582
2,2026_02_MIA_SF,MIA,SF,00-0039911,Chop Robinson,LB,EDGE,CONTROL,2.5597751827869275,0,0,False,STARTER_CONFLICT_REVIEW,True,-2.5597751827869275
2,2026_02_MIN_CHI,MIN,CHI,00-0039924,Dallas Turner,LB,LB,CONTROL,4.30632280147706,5,5,True,ROLE_ALIGNED,True,0.6936771985229404
2,2026_02_WAS_DAL,DAL,WAS,00-0040008,Shavon Revel Jr.,DB,DB,CONTROL,3.4530841101398324,3,3,True,ROLE_ALIGNED,True,-0.4530841101398324
2,2026_02_GB_NYJ,GB,NYJ,00-0040010,Barryn Sorrell,LB,EDGE,CONTROL,2.726545530773578,5,5,True,STARTER_CONFLICT_REVIEW,True,2.273454469226422
2,2026_02_WAS_DAL,DAL,WAS,00-0040011,Shemar James,LB,LB,CONTROL,2.8863627036001533,3,3,True,ROLE_ALIGNED,True,0.11363729639984665
2,2026_02_PHI_TEN,PHI,TEN,00-0040013,Smael Mondon Jr.,LB,LB,CONTROL,0.994304628300466,0,0,False,ROLE_ALIGNED,True,-0.994304628300466
2,2026_02_GB_NYJ,GB,NYJ,00-0040016,Warren Brinson,DL,EDGE,CONTROL,1.8098634743449984,0,0,False,ROLE_ALIGNED,True,-1.8098634743449984
2,2026_02_PHI_TEN,TEN,PHI,00-0040020,Micah Robinson,DB,DB,CONTROL,3.887634282852559,8,8,True,REVIEW_BACKUP_CONFLICT,False,4.112365717147441
2,2026_02_PHI_TEN,TEN,PHI,00-0040041,Nazir Stackhouse,DL,DL,CONTROL,1.3332499388528851,1,1,True,ROLE_ALIGNED,True,-0.3332499388528851
2,2026_02_WAS_DAL,DAL,WAS,00-0040045,Alijah Clark,DB,DB,CONTROL,1.1531588000666848,0,0,False,ROLE_ALIGNED,True,-1.1531588000666848
2,2026_02_CAR_ATL,ATL,CAR,00-0040056,Jared Ivey,DL,EDGE,CONTROL,1.621712479334478,0,0,True,ROLE_ALIGNED,True,-1.621712479334478
2,2026_02_SEA_ARI,SEA,ARI,00-0040061,Connor O'Toole,LB,LB,CONTROL,0.9218720525823635,0,0,False,ROLE_ALIGNED,True,-0.9218720525823635
2,2026_02_MIA_SF,MIA,SF,00-0040066,Jackson Woodard,LB,LB,CONTROL,0.6558507490944719,1,1,True,ROLE_ALIGNED,True,0.34414925090552806
2,2026_02_NO_BAL,BAL,NO,00-0040069,Teddye Buchanan,LB,LB,CONTROL,3.4389665469609136,0,0,False,STARTER_CONFLICT_REVIEW,True,-3.4389665469609136
2,2026_02_PHI_TEN,PHI,TEN,00-0040071,Mac McWilliams,DB,DB,CONTROL,1.3568253861424613,0,0,False,ROLE_ALIGNED,True,-1.3568253861424613
2,2026_02_IND_KC,KC,IND,00-0040072,Jeffrey Bassa,LB,LB,CONTROL,1.3686958048862266,0,0,True,STARTER_CONFLICT_REVIEW,True,-1.3686958048862266
2,2026_02_NO_BAL,BAL,NO,00-0040076,Aeneas Peebles,DL,EDGE,CONTROL,0.7343067918145176,0,0,True,ROLE_ALIGNED,True,-0.7343067918145176
2,2026_02_CLE_TB,TB,CLE,00-0040089,Kevin Knowles,DB,DB,CONTROL,1.279925592740969,0,0,False,ROLE_ALIGNED,True,-1.279925592740969
2,2026_02_NO_BAL,BAL,NO,00-0040100,Jay Higgins,LB,LB,CONTROL,1.0038743942594315,0,0,False,ROLE_ALIGNED,True,-1.0038743942594315
2,2026_02_NO_BAL,BAL,NO,00-0040104,Keondre Jackson,DB,DB,CONTROL,1.9897047600855844,0,0,True,ROLE_ALIGNED,True,-1.9897047600855844
2,2026_02_IND_KC,KC,IND,00-0040118,Cooper McDonald,LB,EDGE,CONTROL,2.3608099170202803,0,0,False,ROLE_ALIGNED,True,-2.3608099170202803
2,2026_02_DET_BUF,BUF,DET,00-0040132,Landon Jackson,DL,EDGE,CONTROL,1.0045726812056597,2,2,True,ROLE_ALIGNED,True,0.9954273187943403
2,2026_02_GB_NYJ,NYJ,GB,00-0040133,Azareye'h Thomas,DB,DB,CONTROL,4.022489257329732,2,2,True,REVIEW_BACKUP_CONFLICT,False,-2.022489257329732
2,2026_02_CAR_ATL,CAR,ATL,00-0040136,Princely Umanmielen,LB,LB,CONTROL,2.5191723381608653,2,2,True,ROLE_ALIGNED,True,-0.5191723381608653
2,2026_02_SEA_ARI,ARI,SEA,00-0040137,Jordan Burch,LB,EDGE,CONTROL,2.045566965793397,3,3,True,ROLE_ALIGNED,True,0.9544330342066032
2,2026_02_IND_KC,IND,KC,00-0040139,Justin Walley,DB,DB,CONTROL,3.466958898774505,5,5,True,STARTER_CONFLICT_REVIEW,True,1.533041101225495
2,2026_02_PHI_TEN,TEN,PHI,00-0040141,Kevin Winston Jr.,DB,DB,CONTROL,5.395675508709938,8,8,True,ROLE_ALIGNED,True,2.604324491290062
2,2026_02_CLE_TB,TB,CLE,00-0040143,Jacob Parrish,DB,DB,CONTROL,2.911989271359589,0,0,False,STARTER_CONFLICT_REVIEW,True,-2.911989271359589
2,2026_02_LV_LAC,LAC,LV,00-0040144,Jamaree Caldwell,DL,EDGE,CONTROL,2.4779383443343197,2,2,True,STARTER_CONFLICT_REVIEW,True,-0.4779383443343197
2,2026_02_JAX_DEN,JAX,DEN,00-0040145,Caleb Ransaw,DB,DB,CONTROL,3.925035120313175,0,0,True,REVIEW_BACKUP_CONFLICT,False,-3.925035120313175
2,2026_02_CAR_ATL,ATL,CAR,00-0040148,Xavier Watts,DB,DB,CONTROL,4.814093282169061,6,6,True,ROLE_ALIGNED,True,1.1859067178309388
2,2026_02_CIN_HOU,HOU,CIN,00-0040149,Jaylin Smith,DB,DB,CONTROL,1.1799291070249447,1,1,True,ROLE_ALIGNED,True,-0.1799291070249447
2,2026_02_MIA_SF,SF,MIA,00-0040152,Upton Stout,DB,DB,CONTROL,4.242272507031144,5,5,True,STARTER_CONFLICT_REVIEW,True,0.757727492968856
2,2026_02_JAX_DEN,DEN,JAX,00-0040153,Sai'vion Jones,DL,DL,CONTROL,0.8388241191942708,0,0,True,ROLE_ALIGNED,True,-0.8388241191942708
2,2026_02_NO_BAL,NO,BAL,00-0040155,Danny Stutsman,LB,LB,CONTROL,3.6551893576571577,1,1,True,ROLE_ALIGNED,True,-2.6551893576571577
2,2026_02_CAR_ATL,ATL,CAR,00-0040156,Billy Bowman Jr.,DB,DB,CONTROL,4.156040453437686,0,0,False,ROLE_ALIGNED,True,-4.156040453437686
2,2026_02_CIN_HOU,CIN,HOU,00-0040157,Barrett Carter,LB,LB,CONTROL,6.92764711162596,5,5,True,ROLE_ALIGNED,True,-1.9276471116259604
2,2026_02_CLE_TB,TB,CLE,00-0040158,David Walker,LB,LB,CONTROL,1.6649974714872917,1,1,True,ROLE_ALIGNED,True,-0.6649974714872917
2,2026_02_CAR_ATL,CAR,ATL,00-0040159,Lathan Ransom,DB,DB,CONTROL,1.985178590701634,4,4,True,ROLE_ALIGNED,True,2.0148214092983663
2,2026_02_PIT_NE,PIT,NE,00-0040160,Jack Sawyer,LB,LB,CONTROL,2.465243854423131,0,0,True,ROLE_ALIGNED,True,-2.465243854423131
2,2026_02_GB_NYJ,NYJ,GB,00-0040165,Malachi Moore,DB,DB,CONTROL,3.82682966697127,0,0,True,ROLE_ALIGNED,True,-3.82682966697127
2,2026_02_NO_BAL,NO,BAL,00-0040166,Quincy Riley,DB,DB,CONTROL,3.223115536710886,1,1,True,ROLE_ALIGNED,True,-2.223115536710886
2,2026_02_JAX_DEN,DEN,JAX,00-0040168,Que Robinson,LB,LB,CONTROL,2.358325748379534,2,2,True,ROLE_ALIGNED,True,-0.3583257483795341
2,2026_02_LV_LAC,LV,LAC,00-0040169,Tonka Hemingway,DL,EDGE,CONTROL,1.9097131107421674,3,3,True,STARTER_CONFLICT_REVIEW,True,1.0902868892578326
2,2026_02_PIT_NE,NE,PIT,00-0040171,Joshua Farmer,DL,EDGE,CONTROL,1.0337267221759092,2,2,True,ROLE_ALIGNED,True,0.9662732778240908
2,2026_02_MIN_CHI,MIN,CHI,00-0040173,Tyrion Ingram-Dawkins,DL,EDGE,CONTROL,1.5953452566444735,1,1,True,ROLE_ALIGNED,True,-0.5953452566444735
2,2026_02_CAR_ATL,CAR,ATL,00-0040174,Cam Jackson,DL,DL,CONTROL,1.6123785383486573,2,2,True,ROLE_ALIGNED,True,0.3876214616513427
2,2026_02_MIA_SF,MIA,SF,00-0040175,Jordan Phillips,DL,DL,CONTROL,2.668529981737904,1,1,True,NO_DEPTH_FALLBACK_H012,False,-1.6685299817379038
2,2026_02_MIA_SF,MIA,SF,00-0040178,Jason Marshall Jr.,DB,DB,CONTROL,3.637695367597845,6,6,True,ROLE_ALIGNED,True,2.362304632402155
2,2026_02_MIA_SF,MIA,SF,00-0040182,Dante Trader Jr.,DB,DB,CONTROL,3.1531811726198335,2,2,True,STARTER_CONFLICT_REVIEW,True,-1.1531811726198335
2,2026_02_CLE_TB,TB,CLE,00-0040183,Elijah Roberts,DL,EDGE,CONTROL,0.9334812088391025,1,1,True,ROLE_ALIGNED,True,0.06651879116089754
2,2026_02_MIA_SF,SF,MIA,00-0040185,Marques Sigle,DB,DB,CONTROL,5.316530639314619,6,6,True,REVIEW_BACKUP_CONFLICT,False,0.6834693606853808
2,2026_02_GB_NYJ,NYJ,GB,00-0040186,Francisco Mauigoa,LB,LB,CONTROL,2.689080541027743,0,0,False,STARTER_CONFLICT_REVIEW,True,-2.689080541027743
2,2026_02_PIT_NE,PIT,NE,00-0040188,Yahya Black,DL,EDGE,CONTROL,1.6798205068827292,0,0,True,ROLE_ALIGNED,True,-1.6798205068827292
2,2026_02_DET_BUF,BUF,DET,00-0040192,Jordan Hancock,DB,DB,CONTROL,2.666258584490701,5,5,True,ROLE_ALIGNED,True,2.333741415509299
2,2026_02_SEA_ARI,ARI,SEA,00-0040195,Denzel Burke,DB,DB,CONTROL,4.0427574890908256,1,1,True,ROLE_ALIGNED,True,-3.0427574890908256
2,2026_02_LV_LAC,LV,LAC,00-0040199,JJ Pegues,DL,DL,CONTROL,1.6036922947106176,0,0,False,ROLE_ALIGNED,True,-1.6036922947106176
2,2026_02_PHI_TEN,TEN,PHI,00-0040201,Marcus Harris,DB,DB,CONTROL,3.1804909637242393,6,6,True,STARTER_CONFLICT_REVIEW,True,2.8195090362757607
2,2026_02_PIT_NE,NE,PIT,00-0040204,Jaylen Reed,DB,DB,CONTROL,3.1311443261325027,2,2,True,ROLE_ALIGNED,True,-1.1311443261325027
2,2026_02_IND_KC,IND,KC,00-0040207,Tim Smith,DL,DL,CONTROL,1.1289369224013561,0,0,True,ROLE_ALIGNED,True,-1.1289369224013561
2,2026_02_JAX_DEN,JAX,DEN,00-0040213,Rayuan Lane III,DB,DB,CONTROL,1.1009049251066987,0,0,False,ROLE_ALIGNED,True,-1.1009049251066987
2,2026_02_WAS_DAL,WAS,DAL,00-0040216,Kain Medrano,LB,LB,CONTROL,1.7967947005332798,0,0,False,ROLE_ALIGNED,True,-1.7967947005332798
2,2026_02_LV_LAC,LAC,LV,00-0040221,R.J. Mickens,DB,DB,CONTROL,2.7120019740944707,3,3,True,ROLE_ALIGNED,True,0.28799802590552925
2,2026_02_LV_LAC,LV,LAC,00-0040228,Cody Lindenberg,LB,LB,CONTROL,1.790894875747437,0,0,False,ROLE_ALIGNED,True,-1.790894875747437
2,2026_02_SEA_ARI,ARI,SEA,00-0040230,Kitan Crawford,DB,DB,CONTROL,1.2826001344090168,0,0,False,ROLE_ALIGNED,True,-1.2826001344090168
2,2026_02_PIT_NE,PIT,NE,00-0040231,Carson Bruener,LB,LB,CONTROL,0.7062254934308195,0,0,False,ROLE_ALIGNED,True,-0.7062254934308195
2,2026_02_IND_KC,IND,KC,00-0040235,Hunter Wohler,DB,DB,CONTROL,1.8542711041171187,7,7,True,ROLE_ALIGNED,True,5.145728895882881
2,2026_02_MIA_SF,MIA,SF,00-0040248,Zeek Biggers,DL,DL,CONTROL,2.6542076697743053,4,4,True,ROLE_ALIGNED,True,1.3457923302256947
2,2026_02_CLE_TB,CLE,TB,00-0040255,Adin Huntington,DL,DL,CONTROL,1.5552366431839322,1,1,True,ROLE_ALIGNED,True,-0.5552366431839322
2,2026_02_CLE_TB,CLE,TB,00-0040261,Easton Mascarenas-Arnold,LB,LB,CONTROL,1.8032757474141061,0,0,False,STARTER_CONFLICT_REVIEW,True,-1.8032757474141061
2,2026_02_CLE_TB,CLE,TB,00-0040263,Donovan McMillon,DB,DB,CONTROL,0.6517257878584812,0,0,False,ROLE_ALIGNED,True,-0.6517257878584812
2,2026_02_NO_BAL,NO,BAL,00-0040293,Michael Reid,DB,DB,CONTROL,1.793371755734061,0,0,False,ROLE_ALIGNED,True,-1.793371755734061
2,2026_02_WAS_DAL,WAS,DAL,00-0040314,Ricky Barber,DL,DL,CONTROL,1.4690264435556082,0,0,False,ROLE_ALIGNED,True,-1.4690264435556082
2,2026_02_JAX_DEN,JAX,DEN,00-0040326,Branson Combs,LB,LB,CONTROL,1.7392158961824409,1,1,True,ROLE_ALIGNED,True,-0.7392158961824409
2,2026_02_JAX_DEN,JAX,DEN,00-0040329,BJ Green II,DL,EDGE,CONTROL,1.0421982760223167,0,0,False,ROLE_ALIGNED,True,-1.0421982760223167
2,2026_02_JAX_DEN,JAX,DEN,00-0040342,Danny Striggow,DL,EDGE,CONTROL,2.1074957202244677,1,1,True,ROLE_ALIGNED,True,-1.1074957202244677
2,2026_02_CLE_TB,TB,CLE,00-0040384,Elijah Simmons,DL,DL,CONTROL,0.9899652272650916,0,0,False,ROLE_ALIGNED,True,-0.9899652272650916
2,2026_02_GB_NYJ,NYJ,GB,00-0040397,Jordan Clark,DB,DB,CONTROL,1.3774069508177806,0,0,False,ROLE_ALIGNED,True,-1.3774069508177806
2,2026_02_JAX_DEN,DEN,JAX,00-0040449,Karene Reid,LB,LB,CONTROL,0.83102958388221,0,0,False,ROLE_ALIGNED,True,-0.83102958388221
2,2026_02_CAR_ATL,CAR,ATL,00-0040458,TeRah Edwards,DL,EDGE,CONTROL,1.6189780986127402,3,3,True,ROLE_ALIGNED,True,1.3810219013872598
2,2026_02_LV_LAC,LAC,LV,00-0040460,Marlowe Wax,LB,LB,CONTROL,4.598217631036529,0,0,False,ROLE_ALIGNED,True,-4.598217631036529
2,2026_02_MIN_CHI,MIN,CHI,00-0040496,Chaz Chambliss,LB,LB,CONTROL,0.9592180661483275,0,0,False,ROLE_ALIGNED,True,-0.9592180661483275
2,2026_02_MIN_CHI,MIN,CHI,00-0040507,Zemaiah Vaughn,DB,DB,CONTROL,1.8331769457596612,0,0,False,ROLE_ALIGNED,True,-1.8331769457596612
2,2026_02_PIT_NE,NE,PIT,00-0040574,Elijah Ponder,LB,LB,CONTROL,2.6702222647959855,5,5,True,STARTER_CONFLICT_REVIEW,True,2.3297777352040145
2,2026_02_CLE_TB,CLE,TB,00-0040579,Carson Schwesinger,LB,LB,CONTROL,9.709865432854505,10,10,True,ROLE_ALIGNED,True,0.2901345671454951
2,2026_02_NYG_LA,LA,NYG,00-0040580,Josaiah Stewart,LB,LB,CONTROL,2.5842965102189686,1,1,True,ROLE_ALIGNED,True,-1.5842965102189686
2,2026_02_NYG_LA,LA,NYG,00-0040585,Ty Hamilton,DL,DL,CONTROL,1.136339752959026,0,0,True,ROLE_ALIGNED,True,-1.136339752959026
2,2026_02_NYG_LA,LA,NYG,00-0040613,Shaun Dolac,LB,LB,CONTROL,2.4555485420131355,0,0,False,ROLE_ALIGNED,True,-2.4555485420131355
2,2026_02_MIN_CHI,MIN,CHI,00-0040624,Elijah Williams,DL,EDGE,CONTROL,0.880736793629256,0,0,False,ROLE_ALIGNED,True,-0.880736793629256
2,2026_02_JAX_DEN,DEN,JAX,00-0040634,Jordan Turner,LB,LB,CONTROL,1.1073537169846643,0,0,False,ROLE_ALIGNED,True,-1.1073537169846643
2,2026_02_NO_BAL,BAL,NO,00-0040636,Keyon Martin,DB,DB,CONTROL,2.1105527886719577,0,0,True,ROLE_ALIGNED,True,-2.1105527886719577
2,2026_02_IND_KC,KC,IND,00-0040640,Ashton Gillotte,DL,EDGE,CONTROL,2.0421737549258947,2,2,True,ROLE_ALIGNED,True,-0.0421737549258947
2,2026_02_LV_LAC,LV,LAC,00-0040641,Darien Porter,DB,DB,CONTROL,2.9934414128591165,0,0,False,ROLE_ALIGNED,True,-2.9934414128591165
2,2026_02_NO_BAL,NO,BAL,00-0040642,Vernon Broughton,DL,EDGE,CONTROL,2.614676616083481,1,1,True,ROLE_ALIGNED,True,-1.614676616083481
2,2026_02_NO_BAL,NO,BAL,00-0040643,Jonas Sanker,DB,DB,CONTROL,4.288104444593681,2,2,True,REVIEW_BACKUP_CONFLICT,False,-2.2881044445936807
2,2026_02_SEA_ARI,ARI,SEA,00-0040645,Cody Simon,LB,LB,CONTROL,6.906182786878373,0,0,True,REVIEW_BACKUP_CONFLICT,False,-6.906182786878373
2,2026_02_SEA_ARI,SEA,ARI,00-0040647,Rylie Mills,DL,EDGE,CONTROL,1.0326745934341448,4,4,True,ROLE_ALIGNED,True,2.9673254065658554
2,2026_02_MIA_SF,MIA,SF,00-0040655,Keith Cooper Jr.,DL,DL,CONTROL,0.8017086892230771,0,0,True,ROLE_ALIGNED,True,-0.8017086892230771
2,2026_02_PHI_TEN,PHI,TEN,00-0040662,Ty Robinson,DL,EDGE,CONTROL,1.752521722193572,0,0,True,ROLE_ALIGNED,True,-1.752521722193572
2,2026_02_IND_KC,KC,IND,00-0040670,Nohl Williams,DB,DB,CONTROL,4.253276030010896,5,5,True,ROLE_ALIGNED,True,0.7467239699891044
2,2026_02_DET_BUF,DET,BUF,00-0040672,Tyleik Williams,DL,DL,CONTROL,1.6189679644960902,5,5,True,STARTER_CONFLICT_REVIEW,True,3.38103203550391
2,2026_02_NYG_LA,NYG,LA,00-0040677,Abdul Carter,LB,LB,CONTROL,3.638217539412498,3,3,True,ROLE_ALIGNED,True,-0.6382175394124978
2,2026_02_PIT_NE,PIT,NE,00-0040678,Derrick Harmon,DL,EDGE,CONTROL,2.4454966937581437,8,8,True,STARTER_CONFLICT_REVIEW,True,5.554503306241856
2,2026_02_CLE_TB,CLE,TB,00-0040685,Mason Graham,DL,DL,CONTROL,3.4803917634688815,3,3,True,STARTER_CONFLICT_REVIEW,True,-0.48039176346888146
2,2026_02_NO_BAL,BAL,NO,00-0040688,Malaki Starks,DB,DB,CONTROL,4.168532176730321,4,4,True,ROLE_ALIGNED,True,-0.16853217673032095
2,2026_02_GB_NYJ,GB,NYJ,00-0040689,Anthony Campbell,DL,EDGE,CONTROL,0.7722116016124273,1,1,True,ROLE_ALIGNED,True,0.2277883983875727
2,2026_02_NYG_LA,NYG,LA,00-0040694,Darius Alexander,DL,EDGE,CONTROL,1.6080485946315737,0,0,False,ROLE_ALIGNED,True,-1.6080485946315737
2,2026_02_SEA_ARI,ARI,SEA,00-0040706,Walter Nolen,DL,DL,CONTROL,2.0094488222756417,2,2,True,STARTER_CONFLICT_REVIEW,True,-0.0094488222756417
2,2026_02_PHI_TEN,PHI,TEN,00-0040708,Jihaad Campbell,LB,LB,CONTROL,5.855634055937634,10,10,True,ROLE_ALIGNED,True,4.144365944062366
2,2026_02_DET_BUF,BUF,DET,00-0040709,Maxwell Hairston,DB,DB,CONTROL,3.521277531652817,1,1,True,ROLE_ALIGNED,True,-2.521277531652817
2,2026_02_DET_BUF,BUF,DET,00-0040710,Deone Walker,DL,DL,CONTROL,2.7169064486609997,1,1,True,STARTER_CONFLICT_REVIEW,True,-1.7169064486609997
2,2026_02_MIA_SF,SF,MIA,00-0040711,CJ West,DL,DL,CONTROL,2.0398712285377507,3,3,True,ROLE_ALIGNED,True,0.9601287714622493
2,2026_02_PIT_NE,NE,PIT,00-0040716,Craig Woodson,DB,DB,CONTROL,4.541265772277213,7,7,True,ROLE_ALIGNED,True,2.458734227722787
2,2026_02_JAX_DEN,JAX,DEN,00-0040718,Travis Hunter,WR,DB,CONTROL,2.7969776001284385,4,4,True,ROLE_ALIGNED,True,1.2030223998715615
2,2026_02_JAX_DEN,DEN,JAX,00-0040720,Jahdae Barron,DB,DB,CONTROL,1.744750462371655,0,0,True,ROLE_ALIGNED,True,-1.744750462371655
2,2026_02_NO_BAL,BAL,NO,00-0040722,Mike Green,LB,LB,CONTROL,2.281246956363077,2,2,True,ROLE_ALIGNED,True,-0.28124695636307706
2,2026_02_DET_BUF,BUF,DET,00-0040724,T.J. Sanders,DL,EDGE,CONTROL,2.3971690099682785,0,0,False,STARTER_CONFLICT_REVIEW,True,-2.3971690099682785
2,2026_02_WAS_DAL,DAL,WAS,00-0040725,Donovan Ezeiruaku,LB,LB,CONTROL,3.713424188565646,3,3,True,STARTER_CONFLICT_REVIEW,True,-0.713424188565646
2,2026_02_SEA_ARI,SEA,ARI,00-0040733,Nick Emmanwori,DB,DB,CONTROL,5.904481101242187,1,1,True,ROLE_ALIGNED,True,-4.904481101242187
2,2026_02_CIN_HOU,CIN,HOU,00-0040738,Demetrius Knight Jr.,LB,LB,CONTROL,5.8198995210533235,12,12,True,ROLE_ALIGNED,True,6.1801004789466765
2,2026_02_IND_KC,IND,KC,00-0040744,Jaylahn Tuimoloau,DL,EDGE,CONTROL,1.4056642753189796,3,3,True,ROLE_ALIGNED,True,1.5943357246810204
2,2026_02_CLE_TB,TB,CLE,00-0040747,Benjamin Morrison,DB,DB,CONTROL,3.48025520739336,7,7,True,ROLE_ALIGNED,True,3.51974479260664
2,2026_02_PHI_TEN,PHI,TEN,00-0040749,Andrew Mukuba,DB,DB,CONTROL,3.8214113555401443,6,6,True,ROLE_ALIGNED,True,2.1785886444598557
2,2026_02_SEA_ARI,ARI,SEA,00-0040751,Will Johnson,DB,DB,CONTROL,3.3422667978521132,4,4,True,ROLE_ALIGNED,True,0.6577332021478868
2,2026_02_PHI_TEN,TEN,PHI,00-0040752,Oluwafemi Oladejo,LB,EDGE,CONTROL,1.8132491180101795,1,1,True,ROLE_ALIGNED,True,-0.8132491180101795
2,2026_02_CIN_HOU,CIN,HOU,00-0040756,Shemar Stewart,DL,EDGE,CONTROL,1.844374188655563,2,2,True,ROLE_ALIGNED,True,0.1556258113444371
2,2026_02_DET_BUF,DET,BUF,00-0040761,Ahmed Hassanein,DL,EDGE,CONTROL,0.7705565356828087,0,0,False,ROLE_ALIGNED,True,-0.7705565356828087
2,2026_02_WAS_DAL,DAL,WAS,00-0040865,Caleb Downs,DB,DB,CONTROL,4.699383919062885,7,7,True,REVIEW_BACKUP_CONFLICT,False,2.3006160809371146
2,2026_02_LV_LAC,LV,LAC,00-0040868,Treydan Stukes,DB,DB,CONTROL,5.169565447985752,3,3,True,ROLE_ALIGNED,True,-2.169565447985752
2,2026_02_GB_NYJ,GB,NYJ,00-0040869,Chris McClellan,DL,EDGE,CONTROL,1.841149485803431,0,0,True,ROLE_ALIGNED,True,-1.841149485803431
2,2026_02_WAS_DAL,DAL,WAS,00-0040872,Jaishawn Barham,LB,LB,CONTROL,3.61799676108405,6,7,True,ROLE_ALIGNED,True,2.38200323891595
2,2026_02_SEA_ARI,SEA,ARI,00-0040873,Julian Neal,DB,DB,CONTROL,1.9413566253558026,1,1,True,ROLE_ALIGNED,True,-0.9413566253558026
2,2026_02_GB_NYJ,GB,NYJ,00-0040877,Dani Dennis-Sutton,LB,LB,CONTROL,2.3603852320046794,6,6,True,ROLE_ALIGNED,True,3.6396147679953206
2,2026_02_WAS_DAL,DAL,WAS,00-0040880,LT Overton,DL,EDGE,CONTROL,1.2215186224744157,1,1,True,ROLE_ALIGNED,True,-0.22151862247441567
2,2026_02_LV_LAC,LV,LAC,00-0040883,Dalton Johnson,DB,DB,CONTROL,1.8340555581719071,0,0,False,ROLE_ALIGNED,True,-1.8340555581719071
2,2026_02_NO_BAL,BAL,NO,00-0040885,Chandler Rivers,DB,DB,CONTROL,1.9897047600855844,2,2,True,ROLE_ALIGNED,True,0.01029523991441561
2,2026_02_LV_LAC,LV,LAC,00-0040889,Hezekiah Masses,DB,DB,CONTROL,1.2067338813930235,5,5,True,ROLE_ALIGNED,True,3.7932661186069767
2,2026_02_PHI_TEN,TEN,PHI,00-0040892,Jackie Marshall,DL,DL,CONTROL,0.713622072455822,0,0,False,ROLE_ALIGNED,True,-0.713622072455822
2,2026_02_IND_KC,IND,KC,00-0040928,Kapena Gushiken,DB,DB,CONTROL,1.8542711041171187,2,2,True,ROLE_ALIGNED,True,0.1457288958828813
2,2026_02_IND_KC,KC,IND,00-0040957,Xavier Nwankpa,DB,DB,CONTROL,1.879886064197033,0,0,False,ROLE_ALIGNED,True,-1.879886064197033
2,2026_02_NO_BAL,BAL,NO,00-0040978,Ethan Burke,LB,LB,CONTROL,1.7296767352168005,0,0,False,ROLE_ALIGNED,True,-1.7296767352168005
2,2026_02_GB_NYJ,NYJ,GB,00-0041026,David Bailey,LB,EDGE,CONTROL,4.809369690630092,3,3,True,REVIEW_BACKUP_CONFLICT,False,-1.809369690630092
2,2026_02_WAS_DAL,WAS,DAL,00-0041028,Sonny Styles,LB,LB,CONTROL,5.312427650330696,3,3,True,ROLE_ALIGNED,True,-2.3124276503306964
2,2026_02_CLE_TB,TB,CLE,00-0041031,Rueben Bain Jr.,LB,LB,CONTROL,3.445686163907169,0,0,True,STARTER_CONFLICT_REVIEW,True,-3.445686163907169
2,2026_02_MIN_CHI,MIN,CHI,00-0041033,Caleb Banks,DL,DL,CONTROL,1.2050940684490363,6,6,True,STARTER_CONFLICT_REVIEW,True,4.7949059315509635
2,2026_02_DET_BUF,BUF,DET,00-0041036,TJ Parker,LB,LB,CONTROL,1.5655235703259562,0,0,True,ROLE_ALIGNED,True,-1.5655235703259562
2,2026_02_GB_NYJ,NYJ,GB,00-0041038,D'Angelo Ponds,DB,DB,CONTROL,1.8369218440706119,0,0,False,ROLE_ALIGNED,True,-1.8369218440706119
2,2026_02_IND_KC,IND,KC,00-0041039,CJ Allen,LB,LB,CONTROL,1.7574509437442556,1,1,True,ROLE_ALIGNED,True,-0.7574509437442556
2,2026_02_IND_KC,IND,KC,00-0041043,A.J. Haulcy,DB,DB,CONTROL,5.405923562141826,2,2,True,ROLE_ALIGNED,True,-3.405923562141826
2,2026_02_JAX_DEN,JAX,DEN,00-0041045,Albert Regis,DL,DL,CONTROL,1.0658095341830154,1,1,True,ROLE_ALIGNED,True,-0.06580953418301538
2,2026_02_MIN_CHI,MIN,CHI,00-0041046,Domonique Orange,DL,DL,CONTROL,1.6463136828750127,2,2,True,ROLE_ALIGNED,True,0.3536863171249873
2,2026_02_MIN_CHI,MIN,CHI,00-0041054,Jakobe Thomas,DB,DB,CONTROL,1.8331769457596612,0,0,False,ROLE_ALIGNED,True,-1.8331769457596612
2,2026_02_JAX_DEN,JAX,DEN,00-0041055,Jalen Huskey,DB,DB,CONTROL,1.9971948264544475,0,0,False,ROLE_ALIGNED,True,-1.9971948264544475
2,2026_02_CLE_TB,TB,CLE,00-0041057,Keionte Scott,DB,DB,CONTROL,3.4932647646104673,3,3,True,REVIEW_BACKUP_CONFLICT,False,-0.4932647646104673
2,2026_02_JAX_DEN,JAX,DEN,00-0041059,Wesley Williams,DL,EDGE,CONTROL,0.6493612528597222,0,0,False,ROLE_ALIGNED,True,-0.6493612528597222
2,2026_02_MIN_CHI,CHI,MIN,00-0041060,Malik Muhammad,DB,DB,CONTROL,3.553728024163444,3,3,True,REVIEW_BACKUP_CONFLICT,False,-0.5537280241634441
2,2026_02_CAR_ATL,CAR,ATL,00-0041063,Will Lee III,DB,DB,CONTROL,2.473310254386453,2,2,True,ROLE_ALIGNED,True,-0.4733102543864529
2,2026_02_LV_LAC,LAC,LV,00-0041064,Genesis Smith,DB,DB,CONTROL,2.3823275276647227,1,1,True,ROLE_ALIGNED,True,-1.3823275276647227
2,2026_02_CAR_ATL,ATL,CAR,00-0041066,Kendal Daniels,LB,LB,CONTROL,4.3599150583561865,3,3,True,ROLE_ALIGNED,True,-1.3599150583561865
2,2026_02_MIA_SF,SF,MIA,00-0041068,Ephesians Prysock,DB,DB,CONTROL,1.8665363112160565,0,0,False,ROLE_ALIGNED,True,-1.8665363112160565
2,2026_02_LV_LAC,LAC,LV,00-0041072,Nick Barrett,DL,EDGE,CONTROL,0.6727910239302404,1,1,True,ROLE_ALIGNED,True,0.3272089760697596
2,2026_02_WAS_DAL,WAS,DAL,00-0041074,Joshua Josephs,LB,LB,CONTROL,1.9043740105966838,0,0,True,ROLE_ALIGNED,True,-1.9043740105966838
2,2026_02_CLE_TB,CLE,TB,00-0041075,Justin Jefferson,LB,LB,CONTROL,1.8068133411883995,0,0,False,ROLE_ALIGNED,True,-1.8068133411883995
2,2026_02_CAR_ATL,CAR,ATL,00-0041076,Zakee Wheatley,DB,DB,CONTROL,1.888085976979296,3,4,True,ROLE_ALIGNED,True,1.111914023020704
2,2026_02_MIA_SF,SF,MIA,00-0041078,Jaden Dugger,LB,LB,CONTROL,3.8691701964269543,2,2,True,ROLE_ALIGNED,True,-1.8691701964269543
2,2026_02_CLE_TB,TB,CLE,00-0041079,DeMonte Capehart,DL,EDGE,CONTROL,0.6917631244904155,0,0,False,ROLE_ALIGNED,True,-0.6917631244904155
2,2026_02_IND_KC,IND,KC,00-0041080,George Gumbs Jr.,DL,EDGE,CONTROL,0.7437158788147594,0,0,False,ROLE_ALIGNED,True,-0.7437158788147594
2,2026_02_MIN_CHI,MIN,CHI,00-0041083,Charles Demmings,DB,DB,CONTROL,1.8331769457596612,0,0,False,STARTER_CONFLICT_REVIEW,True,-1.8331769457596612
2,2026_02_MIN_CHI,CHI,MIN,00-0041085,Keyshaun Elliott,LB,LB,CONTROL,1.7376772298282752,0,0,False,ROLE_ALIGNED,True,-1.7376772298282752
2,2026_02_DET_BUF,BUF,DET,00-0041086,Jalon Kilgore,DB,DB,CONTROL,1.9017762828786116,0,0,False,ROLE_ALIGNED,True,-1.9017762828786116
2,2026_02_PIT_NE,NE,PIT,00-0041088,Karon Prunty,DB,DB,CONTROL,1.894281374206038,0,0,False,ROLE_ALIGNED,True,-1.894281374206038
2,2026_02_SEA_ARI,ARI,SEA,00-0041093,Karson Sharar,LB,LB,CONTROL,1.7816325048871708,0,0,False,ROLE_ALIGNED,True,-1.7816325048871708
2,2026_02_NYG_LA,NYG,LA,00-0041095,Bobby Jamison-Travis,DL,EDGE,CONTROL,0.7270129454277041,0,0,False,ROLE_ALIGNED,True,-0.7270129454277041
2,2026_02_NYG_LA,NYG,LA,00-0041102,Jack Kelly,LB,LB,CONTROL,1.7511987793576482,0,0,False,ROLE_ALIGNED,True,-1.7511987793576482
2,2026_02_PIT_NE,NE,PIT,00-0041109,Namdi Obiazor,LB,LB,CONTROL,1.7302877902004017,0,0,False,ROLE_ALIGNED,True,-1.7302877902004017
2,2026_02_MIN_CHI,CHI,MIN,00-0041110,Jordan van den Berg,DL,DL,CONTROL,1.3959100466703678,1,1,True,ROLE_ALIGNED,True,-0.3959100466703678
2,2026_02_IND_KC,IND,KC,00-0041111,Caden Curry,DL,EDGE,CONTROL,0.4458057792621671,1,1,True,ROLE_ALIGNED,True,0.554194220737833
2,2026_02_CAR_ATL,ATL,CAR,00-0041112,Harold Perkins Jr.,LB,LB,CONTROL,2.3479206023215506,1,1,True,ROLE_ALIGNED,True,-1.3479206023215506
2,2026_02_CLE_TB,CLE,TB,00-0041115,Toriano Pride Jr.,DB,DB,CONTROL,1.8882980874171071,0,0,False,ROLE_ALIGNED,True,-1.8882980874171071
2,2026_02_CIN_HOU,CIN,HOU,00-0041118,Landon Robinson,DL,DL,CONTROL,0.7523559818648743,0,0,False,ROLE_ALIGNED,True,-0.7523559818648743
2,2026_02_CAR_ATL,CAR,ATL,00-0041119,Jackson Kuwatch,LB,LB,CONTROL,1.843104246236644,0,0,True,ROLE_ALIGNED,True,-1.843104246236644
2,2026_02_CAR_ATL,CAR,ATL,00-0041148,Aaron Hall,DL,EDGE,CONTROL,1.9618445653707077,6,6,True,ROLE_ALIGNED,True,4.038155434629292
2,2026_02_MIN_CHI,CHI,MIN,00-0041171,Jayden Loving,DL,DL,CONTROL,0.7662156808131757,0,0,False,ROLE_ALIGNED,True,-0.7662156808131757
2,2026_02_MIN_CHI,CHI,MIN,00-0041175,Skyler Thomas,DB,DB,CONTROL,0.6410627466455511,0,0,False,ROLE_ALIGNED,True,-0.6410627466455511
2,2026_02_CAR_ATL,ATL,CAR,00-0041188,Malcolm DeWalt IV,DB,DB,CONTROL,1.852774264199874,0,0,False,ROLE_ALIGNED,True,-1.852774264199874
2,2026_02_JAX_DEN,JAX,DEN,00-0041218,Bryan Thomas Jr.,DL,EDGE,CONTROL,0.6493612528597222,0,0,True,ROLE_ALIGNED,True,-0.6493612528597222
2,2026_02_IND_KC,IND,KC,00-0041227,Tahj Chambers,LB,LB,CONTROL,1.7574509437442556,0,0,False,ROLE_ALIGNED,True,-1.7574509437442556
2,2026_02_CLE_TB,TB,CLE,00-0041253,Ayden Garnes,DB,DB,CONTROL,1.8178303428161977,0,0,False,ROLE_ALIGNED,True,-1.8178303428161977
2,2026_02_IND_KC,KC,IND,00-0041256,Jack Pyburn,LB,EDGE,CONTROL,0.7173509004375765,0,0,False,ROLE_ALIGNED,True,-0.7173509004375765
2,2026_02_PIT_NE,PIT,NE,00-0041261,Kevin Jobity Jr.,DL,EDGE,CONTROL,0.7552733112549052,0,0,False,ROLE_ALIGNED,True,-0.7552733112549052
2,2026_02_CIN_HOU,HOU,CIN,00-0041305,Sabastian Harsh,DL,EDGE,CONTROL,0.7208577034342076,2,2,True,ROLE_ALIGNED,True,1.2791422965657924
2,2026_02_CIN_HOU,HOU,CIN,00-0041313,Collin Wright,DB,DB,CONTROL,1.941545321839106,0,0,False,ROLE_ALIGNED,True,-1.941545321839106
2,2026_02_PIT_NE,NE,PIT,00-0041316,Channing Canada,DB,DB,CONTROL,1.894281374206038,0,0,True,ROLE_ALIGNED,True,-1.894281374206038
2,2026_02_MIN_CHI,MIN,CHI,00-0041354,Jacob Thomas,DB,DB,CONTROL,1.074954381116941,0,0,True,ROLE_ALIGNED,True,-1.074954381116941
2,2026_02_IND_KC,KC,IND,00-0041358,Bryson Eason,DL,DL,CONTROL,0.7173509004375765,0,0,False,ROLE_ALIGNED,True,-0.7173509004375765
2,2026_02_MIA_SF,SF,MIA,00-0041363,James Thompson Jr.,DL,DL,CONTROL,1.588762670204993,2,2,True,NO_DEPTH_FALLBACK_H012,False,0.41123732979500693
2,2026_02_SEA_ARI,ARI,SEA,00-0041370,Wydett Williams Jr.,DB,DB,CONTROL,1.8774250953101652,0,0,True,ROLE_ALIGNED,True,-1.8774250953101652
2,2026_02_LV_LAC,LAC,LV,00-0041381,Rodney Shelley,DB,DB,CONTROL,0.5303854745182163,0,0,True,ROLE_ALIGNED,True,-0.5303854745182163
2,2026_02_SEA_ARI,SEA,ARI,00-0041382,Avery Smith,DB,DB,CONTROL,1.9413566253558026,0,0,False,ROLE_ALIGNED,True,-1.9413566253558026
2,2026_02_NO_BAL,NO,BAL,00-0041390,Christen Miller,DL,DL,CONTROL,1.4313810586171414,0,0,False,ROLE_ALIGNED,True,-1.4313810586171414
2,2026_02_DET_BUF,BUF,DET,00-0041391,Davison Igbinosun,DB,DB,CONTROL,1.1382150984494435,3,3,True,ROLE_ALIGNED,True,1.8617849015505565
2,2026_02_PIT_NE,PIT,NE,00-0041393,Daylen Everette,DB,DB,CONTROL,0.6621146915551738,0,0,True,ROLE_ALIGNED,True,-0.6621146915551738
2,2026_02_PIT_NE,PIT,NE,00-0041400,Gabe Rubio,DL,EDGE,CONTROL,0.7552733112549052,0,0,False,NO_DEPTH_FALLBACK_H012,False,-0.7552733112549052
2,2026_02_PIT_NE,PIT,NE,00-0041401,Robert Spears-Jennings,DB,DB,CONTROL,1.9118091426910373,0,0,True,ROLE_ALIGNED,True,-1.9118091426910373
2,2026_02_PIT_NE,NE,PIT,00-0041402,Quintayvious Hutchins,LB,LB,CONTROL,1.7302877902004017,3,3,True,ROLE_ALIGNED,True,1.2697122097995983
2,2026_02_NYG_LA,LA,NYG,00-0041404,Wesley Bailey,LB,LB,CONTROL,1.8107270458860278,1,1,True,ROLE_ALIGNED,True,-0.8107270458860278
2,2026_02_DET_BUF,DET,BUF,00-0041441,Derrick Moore,LB,EDGE,CONTROL,1.0026209349812005,0,0,True,ROLE_ALIGNED,True,-1.0026209349812005
2,2026_02_DET_BUF,DET,BUF,00-0041442,Jimmy Rolder,LB,LB,CONTROL,1.801605479455952,0,0,False,ROLE_ALIGNED,True,-1.801605479455952
2,2026_02_DET_BUF,BUF,DET,00-0041444,Kaleb Elarms-Orr,LB,LB,CONTROL,1.2114618497509615,2,2,True,ROLE_ALIGNED,True,0.7885381502490385
2,2026_02_DET_BUF,DET,BUF,00-0041445,Keith Abney II,DB,DB,CONTROL,1.7754270400420415,0,0,False,ROLE_ALIGNED,True,-1.7754270400420415
2,2026_02_DET_BUF,DET,BUF,00-0041447,Skyler Gill-Howard,DL,DL,CONTROL,2.3497835873496027,1,1,True,ROLE_ALIGNED,True,-1.3497835873496027
2,2026_02_CIN_HOU,HOU,CIN,00-0041449,Aiden Fisher,LB,LB,CONTROL,1.7588487746425367,0,0,False,STARTER_CONFLICT_REVIEW,True,-1.7588487746425367
2,2026_02_PIT_NE,NE,PIT,00-0041455,Erick Hunter,LB,LB,CONTROL,1.7302877902004017,0,0,False,ROLE_ALIGNED,True,-1.7302877902004017
2,2026_02_DET_BUF,DET,BUF,00-0041459,Eric O'Neill,DL,EDGE,CONTROL,0.5137810656611164,0,0,False,ROLE_ALIGNED,True,-0.5137810656611164
2,2026_02_NYG_LA,NYG,LA,00-0041462,Colton Hood,DB,DB,CONTROL,0.9264180308006568,3,3,True,ROLE_ALIGNED,True,2.0735819691993433
2,2026_02_CIN_HOU,CIN,HOU,00-0041464,Tacario Davis,DB,DB,CONTROL,0.7920860651448148,1,1,True,ROLE_ALIGNED,True,0.20791393485518517
2,2026_02_CIN_HOU,HOU,CIN,00-0041465,Wade Woodaz,LB,LB,CONTROL,1.7588487746425367,0,0,False,ROLE_ALIGNED,True,-1.7588487746425367
2,2026_02_CIN_HOU,HOU,CIN,00-0041466,Kamari Ramsey,DB,DB,CONTROL,0.61482961547569,0,0,False,ROLE_ALIGNED,True,-0.61482961547569
2,2026_02_CAR_ATL,ATL,CAR,00-0041469,Avieon Terrell,DB,DB,CONTROL,1.863906626683231,1,1,True,ROLE_ALIGNED,True,-0.8639066266832309
2,2026_02_GB_NYJ,GB,NYJ,00-0041470,Brandon Cisse,DB,DB,CONTROL,2.9278180138804393,4,4,True,ROLE_ALIGNED,True,1.0721819861195607
2,2026_02_CLE_TB,CLE,TB,00-0041471,Emmanuel McNeil-Warren,DB,DB,CONTROL,1.8851950241488027,0,0,True,ROLE_ALIGNED,True,-1.8851950241488027
2,2026_02_CAR_ATL,CAR,ATL,00-0041478,Lee Hunter,DL,DL,CONTROL,2.7802589757994682,0,0,True,STARTER_CONFLICT_REVIEW,True,-2.7802589757994682
2,2026_02_PHI_TEN,TEN,PHI,00-0041479,Anthony Hill Jr.,LB,LB,CONTROL,8.376450800569573,10,10,True,REVIEW_BACKUP_CONFLICT,False,1.6235491994304265
2,2026_02_NO_BAL,BAL,NO,00-0041494,Zion Young,LB,LB,CONTROL,1.727432558290546,2,2,True,ROLE_ALIGNED,True,0.2725674417094539
2,2026_02_MIN_CHI,MIN,CHI,00-0041495,Jake Golday,LB,LB,CONTROL,1.8333989886633275,0,0,False,ROLE_ALIGNED,True,-1.8333989886633275
2,2026_02_IND_KC,KC,IND,00-0041497,Jadon Canady,DB,DB,CONTROL,1.879886064197033,0,0,False,ROLE_ALIGNED,True,-1.879886064197033
2,2026_02_IND_KC,KC,IND,00-0041501,R Mason Thomas,DL,EDGE,CONTROL,1.9781425193115263,0,0,True,ROLE_ALIGNED,True,-1.9781425193115263
2,2026_02_CLE_TB,TB,CLE,00-0041502,Josiah Trotter,LB,LB,CONTROL,6.300260314878156,11,11,True,ROLE_ALIGNED,True,4.699739685121844
2,2026_02_PHI_TEN,TEN,PHI,00-0041508,Keldric Faulk,LB,EDGE,CONTROL,1.2471030104439618,1,1,True,ROLE_ALIGNED,True,-0.24710301044396177
2,2026_02_NYG_LA,NYG,LA,00-0041509,Arvell Reese,LB,LB,CONTROL,6.3970326234260515,6,7,True,ROLE_ALIGNED,True,-0.3970326234260515
2,2026_02_IND_KC,IND,KC,00-0041518,Bryce Boettcher,LB,LB,CONTROL,3.0272149708616074,4,4,True,STARTER_CONFLICT_REVIEW,True,0.9727850291383926
2,2026_02_MIA_SF,MIA,SF,00-0041522,Jacob Rodriguez,LB,LB,CONTROL,8.413713489665117,8,8,True,ROLE_ALIGNED,True,-0.4137134896651169
2,2026_02_MIA_SF,MIA,SF,00-0041527,Kyle Louis,LB,DB,CONTROL,0.8251597338753424,0,0,False,ROLE_ALIGNED,True,-0.8251597338753424
2,2026_02_MIA_SF,MIA,SF,00-0041528,Michael Taaffe,DB,DB,CONTROL,3.9180484974899414,9,9,True,REVIEW_BACKUP_CONFLICT,False,5.081951502510059
2,2026_02_MIA_SF,MIA,SF,00-0041533,Chris Johnson,DB,DB,CONTROL,6.644849305646172,1,1,True,ROLE_ALIGNED,True,-5.644849305646172
2,2026_02_WAS_DAL,DAL,WAS,00-0041537,Malachi Lawrence,LB,LB,CONTROL,3.4796053983205693,1,1,True,ROLE_ALIGNED,True,-2.4796053983205693
2,2026_02_MIN_CHI,CHI,MIN,00-0041538,Dillon Thieneman,DB,DB,CONTROL,5.20734066208903,7,7,True,ROLE_ALIGNED,True,1.7926593379109699
2,2026_02_IND_KC,KC,IND,00-0041543,Mansoor Delane,DB,DB,CONTROL,0.7596235068504436,0,0,False,STARTER_CONFLICT_REVIEW,True,-0.7596235068504436
2,2026_02_LV_LAC,LAC,LV,00-0041544,Akheem Mesidor,LB,LB,CONTROL,2.9929446518145495,3,3,True,ROLE_ALIGNED,True,0.007055348185450505
2,2026_02_IND_KC,KC,IND,00-0041545,Peter Woods,DL,DL,CONTROL,0.7173509004375765,3,3,False,ROLE_ALIGNED,True,2.2826490995624233
2,2026_02_CIN_HOU,CIN,HOU,00-0041546,Cashius Howell,DL,EDGE,CONTROL,1.7518016270631025,1,1,True,ROLE_ALIGNED,True,-0.7518016270631025
2,2026_02_GB_NYJ,NYJ,GB,00-0041549,Darrell Jackson Jr.,DL,DL,CONTROL,1.0085039797081354,2,2,True,ROLE_ALIGNED,True,0.9914960202918646
2,2026_02_JAX_DEN,DEN,JAX,00-0041552,Tyler Onyedim,DL,EDGE,CONTROL,0.7039753414056056,0,0,False,ROLE_ALIGNED,True,-0.7039753414056056
2,2026_02_MIA_SF,SF,MIA,00-0041556,Romello Height,DL,EDGE,CONTROL,1.6722418896107452,1,1,True,ROLE_ALIGNED,True,-0.6722418896107452
2,2026_02_MIA_SF,SF,MIA,00-0041557,Gracen Halton,DL,DL,CONTROL,1.7187982129384989,5,5,True,STARTER_CONFLICT_REVIEW,True,3.281201787061501
2,2026_02_LV_LAC,LV,LAC,00-0041563,Jermod McCoy,DB,DB,CONTROL,1.8340555581719071,2,2,True,ROLE_ALIGNED,True,0.16594444182809287
2,2026_02_PIT_NE,NE,PIT,00-0041569,Gabe Jacas,LB,LB,CONTROL,2.802288938194622,2,2,True,ROLE_ALIGNED,True,-0.8022889381946219
2,2026_02_NO_BAL,BAL,NO,00-0026190,Calais Campbell,DL,EDGE,ROLE_SHADOW,2.0934723519202034,1,1,True,STARTER_CONFLICT_REVIEW,True,-1.0934723519202034
2,2026_02_WAS_DAL,DAL,WAS,00-0027940,Von Miller,LB,LB,ROLE_SHADOW,1.560285692146726,1,1,True,ROLE_ALIGNED,True,-0.5602856921467261
2,2026_02_NO_BAL,NO,BAL,00-0027962,Cameron Jordan,LB,EDGE,ROLE_SHADOW,3.4729979661248396,2,2,True,STARTER_CONFLICT_REVIEW,True,-1.4729979661248396
2,2026_02_PIT_NE,PIT,NE,00-0027969,Cameron Heyward,DL,EDGE,ROLE_SHADOW,3.869245966344489,3,3,True,STARTER_CONFLICT_REVIEW,True,-0.8692459663444891
2,2026_02_MIN_CHI,MIN,CHI,00-0029606,Harrison Smith,DB,DB,ROLE_SHADOW,2.4932655249213456,3,3,True,ROLE_ALIGNED,True,0.5067344750786544
2,2026_02_GB_NYJ,NYJ,GB,00-0029607,Demario Davis,LB,LB,ROLE_SHADOW,7.541216177328421,3,4,True,ROLE_ALIGNED,True,-4.541216177328421
2,2026_02_NO_BAL,BAL,NO,00-0030070,John Jenkins,DL,DL,ROLE_SHADOW,1.6327187006237196,2,2,True,ROLE_ALIGNED,True,0.3672812993762804
2,2026_02_LV_LAC,LAC,LV,00-0030294,Tony Jefferson,DB,DB,ROLE_SHADOW,3.4714817479485487,6,6,True,ROLE_ALIGNED,True,2.5285182520514513
2,2026_02_LV_LAC,LAC,LV,00-0031040,Khalil Mack,LB,LB,ROLE_SHADOW,3.724500699169229,3,3,True,ROLE_ALIGNED,True,-0.7245006991692291
2,2026_02_PIT_NE,NE,PIT,00-0031054,DaQuan Jones,DL,EDGE,ROLE_SHADOW,2.226659842159141,1,1,True,ROLE_ALIGNED,True,-1.2266598421591408
2,2026_02_NYG_LA,NYG,LA,00-0031270,Shelby Harris,DL,EDGE,ROLE_SHADOW,2.0831570949559177,1,1,True,STARTER_CONFLICT_REVIEW,True,-1.0831570949559177
2,2026_02_CIN_HOU,HOU,CIN,00-0031364,Jadeveon Clowney,DL,EDGE,ROLE_SHADOW,2.139224196291641,0,0,False,ROLE_ALIGNED,True,-2.139224196291641
2,2026_02_NYG_LA,LA,NYG,00-0031388,Aaron Donald,DL,EDGE,ROLE_SHADOW,3.1827274343795873,3,3,True,ROLE_ALIGNED,True,-0.18272743437958727
2,2026_02_SEA_ARI,SEA,ARI,00-0031411,DeMarcus Lawrence,LB,LB,ROLE_SHADOW,3.525002125226816,0,0,True,STARTER_CONFLICT_REVIEW,True,-3.525002125226816
2,2026_02_CIN_HOU,HOU,CIN,00-0031565,Danielle Hunter,DL,EDGE,ROLE_SHADOW,2.711774628200663,1,1,True,ROLE_ALIGNED,True,-1.7117746282006632
2,2026_02_CAR_ATL,ATL,CAR,00-0031576,Za'Darius Smith,LB,EDGE,ROLE_SHADOW,1.546553968637071,2,2,True,STARTER_CONFLICT_REVIEW,True,0.45344603136292894
2,2026_02_MIN_CHI,CHI,MIN,00-0031583,Grady Jarrett,DL,DL,ROLE_SHADOW,3.2953349397794813,2,2,True,ROLE_ALIGNED,True,-1.2953349397794813
2,2026_02_JAX_DEN,DEN,JAX,00-0031898,Alex Singleton,LB,LB,ROLE_SHADOW,8.031297390749875,9,9,True,ROLE_ALIGNED,True,0.9687026092501245
2,2026_02_SEA_ARI,SEA,ARI,00-0031933,Leonard Williams,DL,EDGE,ROLE_SHADOW,2.880252238501017,6,6,True,ROLE_ALIGNED,True,3.119747761498983
2,2026_02_CLE_TB,TB,CLE,00-0031957,Rakeem Nunez-Roches,DL,DL,ROLE_SHADOW,1.5120070931245964,1,1,True,ROLE_ALIGNED,True,-0.5120070931245964
2,2026_02_SEA_ARI,SEA,ARI,00-0032052,Dante Fowler Jr.,LB,LB,ROLE_SHADOW,1.398797812087097,0,0,True,ROLE_ALIGNED,True,-1.398797812087097
2,2026_02_LV_LAC,LAC,LV,00-0032146,Bud Dupree,LB,LB,ROLE_SHADOW,1.5346372765635254,1,1,True,ROLE_ALIGNED,True,-0.5346372765635254
2,2026_02_JAX_DEN,JAX,DEN,00-0032164,Arik Armstead,DL,DL,ROLE_SHADOW,1.91294010637482,1,1,True,STARTER_CONFLICT_REVIEW,True,-0.9129401063748199
2,2026_02_CIN_HOU,HOU,CIN,00-0032265,Mario Edwards,DL,DL,ROLE_SHADOW,1.3582684153325166,4,4,True,ROLE_ALIGNED,True,2.6417315846674834
2,2026_02_IND_KC,IND,KC,00-0032378,DeForest Buckner,DL,DL,ROLE_SHADOW,4.01985885057706,5,5,True,ROLE_ALIGNED,True,0.9801411494229404
2,2026_02_SEA_ARI,SEA,ARI,00-0032387,Jarran Reed,DL,EDGE,ROLE_SHADOW,2.075604991444023,1,1,True,STARTER_CONFLICT_REVIEW,True,-1.075604991444023
2,2026_02_CLE_TB,TB,CLE,00-0032399,Miles Killebrew,DB,DB,ROLE_SHADOW,0.7357189865998903,0,0,False,ROLE_ALIGNED,True,-0.7357189865998903
2,2026_02_NYG_LA,NYG,LA,00-0032424,DJ Reader,DL,DL,ROLE_SHADOW,2.1508767725268827,3,3,True,STARTER_CONFLICT_REVIEW,True,0.8491232274731173
2,2026_02_PHI_TEN,PHI,TEN,00-0032580,Jonathan Jones,DB,DB,ROLE_SHADOW,4.224636573848927,0,0,True,REVIEW_BACKUP_CONFLICT,False,-4.224636573848927
2,2026_02_CIN_HOU,HOU,CIN,00-0032759,Sheldon Rankins,DL,DL,ROLE_SHADOW,2.684332841302148,3,3,True,STARTER_CONFLICT_REVIEW,True,0.3156671586978521
2,2026_02_IND_KC,KC,IND,00-0032762,Chris Jones,DL,DL,ROLE_SHADOW,1.708363143025336,6,6,True,STARTER_CONFLICT_REVIEW,True,4.291636856974664
2,2026_02_CLE_TB,TB,CLE,00-0032889,A'Shawn Robinson,DL,EDGE,ROLE_SHADOW,3.3540831011346834,5,5,True,STARTER_CONFLICT_REVIEW,True,1.6459168988653166
2,2026_02_JAX_DEN,JAX,DEN,00-0033038,Eric Murray,DB,DB,ROLE_SHADOW,3.670657732078824,2,2,True,ROLE_ALIGNED,True,-1.670657732078824
2,2026_02_GB_NYJ,NYJ,GB,00-0033051,David Onyemata,DL,DL,ROLE_SHADOW,3.7160127618636567,0,0,True,ROLE_ALIGNED,True,-3.7160127618636567
2,2026_02_PIT_NE,PIT,NE,00-0033055,Jalen Ramsey,DB,DB,ROLE_SHADOW,5.587192527274821,5,5,True,ROLE_ALIGNED,True,-0.5871925272748211
2,2026_02_SEA_ARI,ARI,SEA,00-0033066,Andrew Billings,DL,DL,ROLE_SHADOW,1.9277136604700844,0,0,False,ROLE_ALIGNED,True,-1.9277136604700844
2,2026_02_WAS_DAL,DAL,WAS,00-0033093,Jonathan Bullard,DL,DL,ROLE_SHADOW,1.7463809498004728,0,0,True,ROLE_ALIGNED,True,-1.7463809498004728
2,2026_02_GB_NYJ,GB,NYJ,00-0033109,Javon Hargrave,DL,DL,ROLE_SHADOW,2.361771500636229,0,0,False,STARTER_CONFLICT_REVIEW,True,-2.361771500636229
2,2026_02_WAS_DAL,DAL,WAS,00-0033120,Kenny Clark,DL,EDGE,ROLE_SHADOW,2.5035083190114444,3,3,True,ROLE_ALIGNED,True,0.49649168098855556
2,2026_02_CLE_TB,CLE,TB,00-0033131,Maliek Collins,DL,DL,ROLE_SHADOW,1.6037304214169867,2,2,True,STARTER_CONFLICT_REVIEW,True,0.39626957858301326
2,2026_02_PIT_NE,NE,PIT,00-0033132,Kevin Byard,DB,DB,ROLE_SHADOW,5.429538061885857,4,4,True,ROLE_ALIGNED,True,-1.4295380618858573
2,2026_02_NO_BAL,BAL,NO,00-0033281,Marlon Humphrey,DB,DB,ROLE_SHADOW,4.632285356241567,4,4,True,ROLE_ALIGNED,True,-0.6322853562415673
2,2026_02_DET_BUF,DET,BUF,00-0033294,Chuck Clark,DB,DB,ROLE_SHADOW,3.0824282744752067,11,11,True,STARTER_CONFLICT_REVIEW,True,7.917571725524793
2,2026_02_JAX_DEN,DEN,JAX,00-0033297,D.J. Jones,DL,DL,ROLE_SHADOW,2.9693410048552393,1,1,True,STARTER_CONFLICT_REVIEW,True,-1.9693410048552393
2,2026_02_MIN_CHI,MIN,CHI,00-0033336,Eric Wilson,LB,LB,ROLE_SHADOW,5.978535702487679,7,7,True,ROLE_ALIGNED,True,1.0214642975123214
2,2026_02_LV_LAC,LV,LAC,00-0033381,Adam Butler,DL,DL,ROLE_SHADOW,2.3566787075277533,1,1,True,STARTER_CONFLICT_REVIEW,True,-1.3566787075277533
2,2026_02_CIN_HOU,CIN,HOU,00-0033523,Jonathan Allen,DL,DL,ROLE_SHADOW,3.2578694763260603,3,3,True,STARTER_CONFLICT_REVIEW,True,-0.2578694763260603
2,2026_02_LV_LAC,LAC,LV,00-0033546,Dalvin Tomlinson,DL,DL,ROLE_SHADOW,1.860856236238018,4,4,True,STARTER_CONFLICT_REVIEW,True,2.139143763761982
2,2026_02_NO_BAL,BAL,NO,00-0033548,Chidobe Awuzie,DB,DB,ROLE_SHADOW,2.21313774042787,0,0,True,ROLE_ALIGNED,True,-2.21313774042787
2,2026_02_WAS_DAL,WAS,DAL,00-0033551,Rasul Douglas,DB,DB,ROLE_SHADOW,3.2814767626127135,3,3,True,STARTER_CONFLICT_REVIEW,True,-0.2814767626127135
2,2026_02_MIN_CHI,CHI,MIN,00-0033579,Xavier Woods,DB,DB,ROLE_SHADOW,2.2468454718865085,2,2,True,STARTER_CONFLICT_REVIEW,True,-0.24684547188650852
2,2026_02_NO_BAL,NO,BAL,00-0033860,Davon Godchaux,DL,DL,ROLE_SHADOW,2.672140590750355,1,1,True,STARTER_CONFLICT_REVIEW,True,-1.672140590750355
2,2026_02_NYG_LA,LA,NYG,00-0033868,Myles Garrett,LB,LB,ROLE_SHADOW,2.3577868811236935,0,0,False,REVIEW_BACKUP_CONFLICT,False,-2.3577868811236935
2,2026_02_PHI_TEN,TEN,PHI,00-0033870,Solomon Thomas,DL,DL,ROLE_SHADOW,1.280802019287219,3,3,True,ROLE_ALIGNED,True,1.719197980712781
2,2026_02_CLE_TB,CLE,TB,00-0033876,Derek Barnett,DL,EDGE,ROLE_SHADOW,1.5466466583845944,2,2,True,ROLE_ALIGNED,True,0.45335334161540564
2,2026_02_WAS_DAL,DAL,WAS,00-0033877,Malik Hooker,DB,DB,ROLE_SHADOW,2.9749451050866815,0,0,False,STARTER_CONFLICT_REVIEW,True,-2.9749451050866815
2,2026_02_PIT_NE,PIT,NE,00-0033886,T.J. Watt,LB,LB,ROLE_SHADOW,3.4788184567362235,4,4,True,ROLE_ALIGNED,True,0.5211815432637765
2,2026_02_SEA_ARI,ARI,SEA,00-0033890,Budda Baker,DB,DB,ROLE_SHADOW,7.154508858183626,11,11,True,ROLE_ALIGNED,True,3.8454911418163737
2,2026_02_CLE_TB,TB,CLE,00-0033914,Alex Anzalone,LB,LB,ROLE_SHADOW,5.512715607555212,8,8,True,ROLE_ALIGNED,True,2.4872843924447876
2,2026_02_WAS_DAL,WAS,DAL,00-0033918,Fabian Moreau,DB,DB,ROLE_SHADOW,1.6088362177493187,0,0,False,ROLE_ALIGNED,True,-1.6088362177493187
2,2026_02_JAX_DEN,JAX,DEN,00-0033928,Jourdan Lewis,DB,DB,ROLE_SHADOW,3.321276581609504,4,4,True,STARTER_CONFLICT_REVIEW,True,0.6787234183904962
2,2026_02_NO_BAL,BAL,NO,00-0033935,Trey Hendrickson,LB,LB,ROLE_SHADOW,2.764002928355845,3,3,True,STARTER_CONFLICT_REVIEW,True,0.23599707164415484
2,2026_02_PIT_NE,PIT,NE,00-0033941,Rayshawn Jenkins,DB,DB,ROLE_SHADOW,2.8477628001783617,5,5,True,STARTER_CONFLICT_REVIEW,True,2.1522371998216383
2,2026_02_CAR_ATL,ATL,CAR,00-0033945,Samson Ebukam,DL,DL,ROLE_SHADOW,2.587252032038538,2,2,True,STARTER_CONFLICT_REVIEW,True,-0.5872520320385379
2,2026_02_IND_KC,IND,KC,00-0033952,Grover Stewart,DL,DL,ROLE_SHADOW,2.621103381084199,4,4,True,STARTER_CONFLICT_REVIEW,True,1.378896618915801
2,2026_02_CLE_TB,TB,CLE,00-0033964,Al-Quadin Muhammad,LB,LB,ROLE_SHADOW,1.5579731297552435,0,0,True,ROLE_ALIGNED,True,-1.5579731297552435
2,2026_02_PHI_TEN,TEN,PHI,00-0034163,Jacob Martin,DL,EDGE,ROLE_SHADOW,1.590004681313932,1,1,True,ROLE_ALIGNED,True,-0.5900046813139319
2,2026_02_NYG_LA,LA,NYG,00-0034234,Poona Ford,DL,DL,ROLE_SHADOW,2.647278011325174,4,4,True,STARTER_CONFLICT_REVIEW,True,1.3527219886748258
2,2026_02_NYG_LA,NYG,LA,00-0034248,Elijah Campbell,DB,DB,ROLE_SHADOW,1.1183036228291554,0,0,False,ROLE_ALIGNED,True,-1.1183036228291554
2,2026_02_LV_LAC,LV,LAC,00-0034275,Foley Fatukasi,DL,EDGE,ROLE_SHADOW,1.9906428555430773,2,2,True,ROLE_ALIGNED,True,0.009357144456922706
2,2026_02_CIN_HOU,HOU,CIN,00-0034278,Tremon Smith,DB,DB,ROLE_SHADOW,2.9994633611217787,0,0,False,ROLE_ALIGNED,True,-2.9994633611217787
2,2026_02_MIA_SF,MIA,SF,00-0034285,Zach Sieler,DL,DL,ROLE_SHADOW,2.609039002486777,1,1,True,ROLE_ALIGNED,True,-1.6090390024867771
2,2026_02_WAS_DAL,WAS,DAL,00-0034302,Frankie Luvu,LB,LB,ROLE_SHADOW,4.035704802504784,0,0,False,ROLE_ALIGNED,True,-4.035704802504784
2,2026_02_MIN_CHI,CHI,MIN,00-0034320,Kentavius Street,DL,DL,ROLE_SHADOW,2.82026519680537,2,2,True,STARTER_CONFLICT_REVIEW,True,-0.8202651968053698
2,2026_02_WAS_DAL,WAS,DAL,00-0034333,Daron Payne,DL,DL,ROLE_SHADOW,2.7672519399163398,2,2,True,STARTER_CONFLICT_REVIEW,True,-0.7672519399163398
2,2026_02_SEA_ARI,SEA,ARI,00-0034350,Uchenna Nwosu,LB,LB,ROLE_SHADOW,2.586136051159484,1,1,True,STARTER_CONFLICT_REVIEW,True,-1.586136051159484
2,2026_02_LV_LAC,LAC,LV,00-0034356,Donte Jackson,DB,DB,ROLE_SHADOW,1.8706623058592504,5,5,True,STARTER_CONFLICT_REVIEW,True,3.12933769414075
2,2026_02_NO_BAL,NO,BAL,00-0034361,Justin Reid,DB,DB,ROLE_SHADOW,5.723146768129895,3,3,True,ROLE_ALIGNED,True,-2.7231467681298946
2,2026_02_CAR_ATL,ATL,CAR,00-0034371,Da'Shawn Hand,DL,EDGE,ROLE_SHADOW,1.2856145895759292,0,0,False,ROLE_ALIGNED,True,-1.2856145895759292
2,2026_02_WAS_DAL,WAS,DAL,00-0034373,Dorance Armstrong,LB,EDGE,ROLE_SHADOW,1.756100623297049,5,5,True,STARTER_CONFLICT_REVIEW,True,3.243899376702951
2,2026_02_LV_LAC,LV,LAC,00-0034376,Taron Johnson,DB,DB,ROLE_SHADOW,4.77328532094407,3,3,True,ROLE_ALIGNED,True,-1.77328532094407
2,2026_02_DET_BUF,DET,BUF,00-0034377,Avonte Maddox,DB,DB,ROLE_SHADOW,4.956706834975918,3,3,True,ROLE_ALIGNED,True,-1.9567068349759182
2,2026_02_SEA_ARI,ARI,SEA,00-0034381,Josh Sweat,LB,EDGE,ROLE_SHADOW,2.540921258012547,1,1,True,STARTER_CONFLICT_REVIEW,True,-1.5409212580125469
2,2026_02_DET_BUF,DET,BUF,00-0034384,D.J. Reed,DB,DB,ROLE_SHADOW,5.040890198120362,6,6,True,ROLE_ALIGNED,True,0.959109801879638
2,2026_02_MIA_SF,SF,MIA,00-0034391,Siran Neal,DB,DB,ROLE_SHADOW,0.9436514211904239,0,0,False,ROLE_ALIGNED,True,-0.9436514211904239
2,2026_02_WAS_DAL,WAS,DAL,00-0034397,Tim Settle,DL,EDGE,ROLE_SHADOW,1.7764617389599737,2,2,True,STARTER_CONFLICT_REVIEW,True,0.22353826104002628
2,2026_02_JAX_DEN,JAX,DEN,00-0034413,Foye Oluokun,LB,LB,ROLE_SHADOW,7.2835285398391365,7,7,True,ROLE_ALIGNED,True,-0.2835285398391365
2,2026_02_GB_NYJ,GB,NYJ,00-0034431,Zaire Franklin,LB,LB,ROLE_SHADOW,7.544128317309436,7,7,True,ROLE_ALIGNED,True,-0.5441283173094362
2,2026_02_CIN_HOU,CIN,HOU,00-0034446,Jalen Davis,DB,DB,ROLE_SHADOW,3.7499728628534723,3,3,True,ROLE_ALIGNED,True,-0.7499728628534723
2,2026_02_WAS_DAL,WAS,DAL,00-0034465,Jeremy Reaves,DB,DB,ROLE_SHADOW,5.604338598837179,5,5,True,ROLE_ALIGNED,True,-0.6043385988371792
2,2026_02_JAX_DEN,JAX,DEN,00-0034473,Dennis Gardeck,LB,LB,ROLE_SHADOW,2.3566864372668683,4,4,True,STARTER_CONFLICT_REVIEW,True,1.6433135627331317
2,2026_02_IND_KC,IND,KC,00-0034485,Jonathan Owens,DB,DB,ROLE_SHADOW,0.606508589699093,0,0,False,ROLE_ALIGNED,True,-0.606508589699093
2,2026_02_IND_KC,IND,KC,00-0034573,Charvarius Ward,DB,DB,ROLE_SHADOW,3.474795254780701,2,2,True,ROLE_ALIGNED,True,-1.4747952547807008
2,2026_02_CAR_ATL,ATL,CAR,00-0034639,Mike Ford,DB,DB,ROLE_SHADOW,1.9442061479764419,0,0,False,ROLE_ALIGNED,True,-1.9442061479764419
2,2026_02_JAX_DEN,JAX,DEN,00-0034657,Matt Dickerson,DL,DL,ROLE_SHADOW,1.5484086911795245,0,0,True,ROLE_ALIGNED,True,-1.5484086911795245
2,2026_02_NYG_LA,NYG,LA,00-0034673,Tremaine Edmunds,LB,LB,ROLE_SHADOW,6.853784676883475,5,5,True,ROLE_ALIGNED,True,-1.8537846768834747
2,2026_02_CAR_ATL,ATL,CAR,00-0034675,Jessie Bates,DB,DB,ROLE_SHADOW,4.866823949142475,6,6,True,ROLE_ALIGNED,True,1.133176050857525
2,2026_02_PIT_NE,NE,PIT,00-0034720,Robert Spillane,LB,LB,ROLE_SHADOW,7.172953022465682,6,6,True,ROLE_ALIGNED,True,-1.1729530224656823
2,2026_02_CIN_HOU,CIN,HOU,00-0034754,Oren Burks,LB,LB,ROLE_SHADOW,1.5175696722806653,0,0,False,STARTER_CONFLICT_REVIEW,True,-1.5175696722806653
2,2026_02_NO_BAL,NO,BAL,00-0034760,Nathan Shepherd,DL,DL,ROLE_SHADOW,3.0179701825898286,4,4,True,REVIEW_BACKUP_CONFLICT,False,0.9820298174101714
2,2026_02_CLE_TB,TB,CLE,00-0034773,Vita Vea,DL,DL,ROLE_SHADOW,2.2487710762236466,2,2,True,ROLE_ALIGNED,True,-0.24877107622364658
2,2026_02_PIT_NE,NE,PIT,00-0034778,Carlton Davis III,DB,DB,ROLE_SHADOW,4.844612113441875,0,0,False,ROLE_ALIGNED,True,-4.844612113441875
2,2026_02_MIA_SF,MIA,SF,00-0034779,Ronnie Harrison,LB,LB,ROLE_SHADOW,2.8569859234887955,0,0,False,ROLE_ALIGNED,True,-2.8569859234887955
2,2026_02_GB_NYJ,NYJ,GB,00-0034782,Harrison Phillips,DL,DL,ROLE_SHADOW,3.5429997950626486,0,0,True,STARTER_CONFLICT_REVIEW,True,-3.5429997950626486
2,2026_02_GB_NYJ,NYJ,GB,00-0034789,Minkah Fitzpatrick,DB,DB,ROLE_SHADOW,2.9834000871984143,0,0,False,STARTER_CONFLICT_REVIEW,True,-2.9834000871984143
2,2026_02_LV_LAC,LAC,LV,00-0034790,Derwin James,DB,DB,ROLE_SHADOW,5.37782374586074,7,7,True,ROLE_ALIGNED,True,1.6221762541392604
2,2026_02_CIN_HOU,CIN,HOU,00-0034800,B.J. Hill,DL,DL,ROLE_SHADOW,2.967419286731582,0,0,False,ROLE_ALIGNED,True,-2.967419286731582
2,2026_02_CAR_ATL,ATL,CAR,00-0034801,Josh Woods,LB,LB,ROLE_SHADOW,1.4981481685691553,1,1,True,ROLE_ALIGNED,True,-0.49814816856915534
2,2026_02_PHI_TEN,TEN,PHI,00-0034805,John Franklin-Myers,DL,EDGE,ROLE_SHADOW,1.916426120009184,2,2,True,STARTER_CONFLICT_REVIEW,True,0.08357387999081589
2,2026_02_PIT_NE,PIT,NE,00-0034810,Sebastian Joseph-Day,DL,DL,ROLE_SHADOW,1.7241393819847568,1,1,True,ROLE_ALIGNED,True,-0.7241393819847568
2,2026_02_MIA_SF,SF,MIA,00-0034815,Fred Warner,LB,LB,ROLE_SHADOW,7.195057424978472,5,5,True,ROLE_ALIGNED,True,-2.1950574249784722
2,2026_02_IND_KC,IND,KC,00-0034825,Arden Key,DL,EDGE,ROLE_SHADOW,2.613369888515532,1,1,True,STARTER_CONFLICT_REVIEW,True,-1.6133698885155319
2,2026_02_DET_BUF,BUF,DET,00-0034832,Bradley Chubb,LB,LB,ROLE_SHADOW,3.2979461461504065,4,4,True,ROLE_ALIGNED,True,0.7020538538495935
2,2026_02_CAR_ATL,ATL,CAR,00-0034843,Mike Hughes,DB,DB,ROLE_SHADOW,4.252030106787513,5,5,True,ROLE_ALIGNED,True,0.7479698932124874
2,2026_02_CLE_TB,CLE,TB,00-0034856,Denzel Ward,DB,DB,ROLE_SHADOW,3.1507103361662807,5,5,True,ROLE_ALIGNED,True,1.8492896638337193
2,2026_02_NO_BAL,BAL,NO,00-0034874,Roquan Smith,LB,LB,ROLE_SHADOW,8.377698049112654,8,8,True,ROLE_ALIGNED,True,-0.37769804911265403
2,2026_02_WAS_DAL,DAL,WAS,00-0034967,Rashan Gary,LB,LB,ROLE_SHADOW,2.76578191177438,3,3,True,STARTER_CONFLICT_REVIEW,True,0.23421808822561996
2,2026_02_LV_LAC,LV,LAC,00-0034973,Maxx Crosby,DL,DL,ROLE_SHADOW,4.2462187645684715,1,1,True,ROLE_ALIGNED,True,-3.2462187645684715
2,2026_02_SEA_ARI,SEA,ARI,00-0034974,Julian Love,DB,DB,ROLE_SHADOW,4.373774682969502,3,3,True,ROLE_ALIGNED,True,-1.3737746829695023
2,2026_02_MIA_SF,SF,MIA,00-0034982,Dre Greenlaw,LB,LB,ROLE_SHADOW,5.305442060500394,8,8,True,ROLE_ALIGNED,True,2.6945579394996058
2,2026_02_PHI_TEN,PHI,TEN,00-0034993,Marcus Epps,DB,DB,ROLE_SHADOW,4.366998880537593,2,2,True,ROLE_ALIGNED,True,-2.3669988805375928
2,2026_02_GB_NYJ,GB,NYJ,00-0035133,Keisean Nixon,DB,DB,ROLE_SHADOW,3.9083226314869006,7,7,True,ROLE_ALIGNED,True,3.0916773685130994
2,2026_02_SEA_ARI,ARI,SEA,00-0035144,Mack Wilson,LB,LB,ROLE_SHADOW,7.3734520562554575,8,9,True,ROLE_ALIGNED,True,0.6265479437445425
2,2026_02_CIN_HOU,HOU,CIN,00-0035166,Azeez Al-Shaair,LB,LB,ROLE_SHADOW,7.010254439365225,12,12,True,ROLE_ALIGNED,True,4.989745560634775
2,2026_02_LV_LAC,LAC,LV,00-0035202,Del'Shawn Phillips,LB,LB,ROLE_SHADOW,4.0385999816171685,7,7,True,STARTER_CONFLICT_REVIEW,True,2.9614000183828315
2,2026_02_WAS_DAL,DAL,WAS,00-0035227,P.J. Locke,DB,DB,ROLE_SHADOW,2.0894662120420824,1,1,True,ROLE_ALIGNED,True,-1.0894662120420824
2,2026_02_DET_BUF,BUF,DET,00-0035230,Ed Oliver,DL,EDGE,ROLE_SHADOW,2.986908277911529,0,0,False,ROLE_ALIGNED,True,-2.986908277911529
2,2026_02_MIN_CHI,MIN,CHI,00-0035236,Byron Murphy,DB,DB,ROLE_SHADOW,4.188659563147708,7,7,True,ROLE_ALIGNED,True,2.8113404368522916
2,2026_02_JAX_DEN,JAX,DEN,00-0035240,Jahlani Tavai,LB,LB,ROLE_SHADOW,2.4976938162130273,0,0,False,ROLE_ALIGNED,True,-2.4976938162130273
2,2026_02_JAX_DEN,DEN,JAX,00-0035248,Zach Allen,DL,EDGE,ROLE_SHADOW,2.0159105063855485,1,1,True,STARTER_CONFLICT_REVIEW,True,-1.0159105063855485
2,2026_02_DET_BUF,BUF,DET,00-0035253,C.J. Gardner-Johnson,DB,DB,ROLE_SHADOW,4.960318762643071,1,1,True,ROLE_ALIGNED,True,-3.9603187626430714
2,2026_02_CLE_TB,TB,CLE,00-0035254,Anthony Nelson,LB,LB,ROLE_SHADOW,2.216465955066634,1,1,True,ROLE_ALIGNED,True,-1.2164659550666341
2,2026_02_IND_KC,KC,IND,00-0035262,Drue Tranquill,LB,LB,ROLE_SHADOW,7.400515939506296,8,8,True,ROLE_ALIGNED,True,0.5994840604937037
2,2026_02_MIN_CHI,MIN,CHI,00-0035272,Andrew Van Ginkel,LB,LB,ROLE_SHADOW,4.339562399437423,3,3,True,ROLE_ALIGNED,True,-1.3395623994374226
2,2026_02_MIN_CHI,MIN,CHI,00-0035276,Blake Cashman,LB,LB,ROLE_SHADOW,10.20296804209442,10,10,True,ROLE_ALIGNED,True,-0.20296804209442065
2,2026_02_CAR_ATL,CAR,ATL,00-0035277,Mike Jackson,DB,DB,ROLE_SHADOW,4.082757280835346,3,3,True,ROLE_ALIGNED,True,-1.082757280835346
2,2026_02_WAS_DAL,WAS,DAL,00-0035279,Charles Omenihu,DL,EDGE,ROLE_SHADOW,1.6328035618587617,0,0,True,ROLE_ALIGNED,True,-1.6328035618587617
2,2026_02_PIT_NE,PIT,NE,00-0035286,Cole Holcomb,LB,LB,ROLE_SHADOW,2.2220900790679536,0,0,False,ROLE_ALIGNED,True,-2.2220900790679536
2,2026_02_NO_BAL,NO,BAL,00-0035316,Kaden Elliss,LB,LB,ROLE_SHADOW,6.601665245059182,6,6,True,ROLE_ALIGNED,True,-0.6016652450591824
2,2026_02_CAR_ATL,CAR,ATL,00-0035352,Tyrel Dodson,LB,LB,ROLE_SHADOW,5.828165935972079,0,0,False,REVIEW_BACKUP_CONFLICT,False,-5.828165935972079
2,2026_02_MIN_CHI,CHI,MIN,00-0035357,Cam Lewis,DB,DB,ROLE_SHADOW,4.194563746990837,5,5,True,ROLE_ALIGNED,True,0.8054362530091632
2,2026_02_SEA_ARI,ARI,SEA,00-0035378,Andrew Wingard,DB,DB,ROLE_SHADOW,4.986636741330111,8,8,True,ROLE_ALIGNED,True,3.013363258669889
2,2026_02_MIN_CHI,CHI,MIN,00-0035386,T.J. Edwards,LB,LB,ROLE_SHADOW,6.038621022984124,4,4,True,ROLE_ALIGNED,True,-2.038621022984124
2,2026_02_NO_BAL,NO,BAL,00-0035402,Carl Granderson,LB,EDGE,ROLE_SHADOW,3.2980696082106533,5,5,True,ROLE_ALIGNED,True,1.7019303917893467
2,2026_02_WAS_DAL,WAS,DAL,00-0035409,Shy Tuttle,DL,EDGE,ROLE_SHADOW,1.3729606493653934,0,0,True,ROLE_ALIGNED,True,-1.3729606493653934
2,2026_02_MIA_SF,SF,MIA,00-0035413,Luke Gifford,LB,LB,ROLE_SHADOW,1.2440183457983605,0,0,True,STARTER_CONFLICT_REVIEW,True,-1.2440183457983605
2,2026_02_MIN_CHI,CHI,MIN,00-0035525,Devin Bush,LB,LB,ROLE_SHADOW,7.576393159878409,4,4,True,ROLE_ALIGNED,True,-3.5763931598784087
2,2026_02_PHI_TEN,TEN,PHI,00-0035632,Amani Hooker,DB,DB,ROLE_SHADOW,5.427255143716203,6,6,True,ROLE_ALIGNED,True,0.5727448562837969
2,2026_02_SEA_ARI,ARI,SEA,00-0035636,L.J. Collier,DL,DL,ROLE_SHADOW,1.6052696302792075,2,2,True,ROLE_ALIGNED,True,0.39473036972079245
2,2026_02_DET_BUF,DET,BUF,00-0035637,Rock Ya-Sin,DB,DB,ROLE_SHADOW,4.366940583223728,6,6,True,ROLE_ALIGNED,True,1.6330594167762724
2,2026_02_JAX_DEN,JAX,DEN,00-0035642,Josh Hines-Allen,DL,EDGE,ROLE_SHADOW,2.9848958581737834,3,3,True,ROLE_ALIGNED,True,0.015104141826216555
2,2026_02_PHI_TEN,TEN,PHI,00-0035643,Jeffery Simmons,DL,DL,ROLE_SHADOW,3.96621549421522,6,6,True,ROLE_ALIGNED,True,2.03378450578478
2,2026_02_MIN_CHI,CHI,MIN,00-0035647,Montez Sweat,DL,EDGE,ROLE_SHADOW,2.6013634511340236,3,3,True,ROLE_ALIGNED,True,0.39863654886597644
2,2026_02_DET_BUF,BUF,DET,00-0035667,Greg Gaines,DL,DL,ROLE_SHADOW,1.5853241151340354,1,1,True,ROLE_ALIGNED,True,-0.5853241151340354
2,2026_02_CAR_ATL,CAR,ATL,00-0035669,Nick Scott,DB,DB,ROLE_SHADOW,7.212084275322327,1,1,True,ROLE_ALIGNED,True,-6.212084275322327
2,2026_02_PHI_TEN,TEN,PHI,00-0035672,Cody Barton,LB,LB,ROLE_SHADOW,4.432148531532389,4,4,True,ROLE_ALIGNED,True,-0.4321485315323894
2,2026_02_IND_KC,IND,KC,00-0035674,Jerry Tillery,DL,DL,ROLE_SHADOW,1.8120856146492552,3,3,True,ROLE_ALIGNED,True,1.1879143853507448
2,2026_02_PIT_NE,NE,PIT,00-0035678,Dre'Mont Jones,LB,EDGE,ROLE_SHADOW,2.502631238119362,1,1,True,ROLE_ALIGNED,True,-1.502631238119362
2,2026_02_CLE_TB,CLE,TB,00-0035680,Quincy Williams,LB,LB,ROLE_SHADOW,5.7643057122148935,6,6,True,ROLE_ALIGNED,True,0.23569428778510648
2,2026_02_CIN_HOU,CIN,HOU,00-0035683,Dexter Lawrence,DL,DL,ROLE_SHADOW,1.7682974372418871,3,3,True,STARTER_CONFLICT_REVIEW,True,1.2317025627581129
2,2026_02_CAR_ATL,CAR,ATL,00-0035687,Bobby Okereke,LB,LB,ROLE_SHADOW,7.312467300591136,9,9,True,ROLE_ALIGNED,True,1.6875326994088642
2,2026_02_PIT_NE,PIT,NE,00-0035699,Jamel Dean,DB,DB,ROLE_SHADOW,4.296667832337817,3,3,True,ROLE_ALIGNED,True,-1.2966678323378167
2,2026_02_WAS_DAL,DAL,WAS,00-0035705,Jalen Thompson,DB,DB,ROLE_SHADOW,5.981323615181164,5,5,True,ROLE_ALIGNED,True,-0.9813236151811644
2,2026_02_DET_BUF,DET,BUF,00-0035707,Devin White,LB,LB,ROLE_SHADOW,5.238183580168165,6,6,True,ROLE_ALIGNED,True,0.7618164198318347
2,2026_02_NYG_LA,NYG,LA,00-0035713,Brian Burns,LB,LB,ROLE_SHADOW,3.345925870826038,2,2,True,ROLE_ALIGNED,True,-1.3459258708260382
2,2026_02_MIA_SF,SF,MIA,00-0035717,Nick Bosa,DL,EDGE,ROLE_SHADOW,3.256843748674232,3,3,True,STARTER_CONFLICT_REVIEW,True,-0.2568437486742319
2,2026_02_WAS_DAL,DAL,WAS,00-0035718,Quinnen Williams,DL,EDGE,ROLE_SHADOW,3.330447635695054,4,4,True,ROLE_ALIGNED,True,0.6695523643049461
2,2026_02_JAX_DEN,DEN,JAX,00-0035763,Malcolm Roach,DL,EDGE,ROLE_SHADOW,2.642093274666507,4,4,True,ROLE_ALIGNED,True,1.357906725333493
2,2026_02_MIN_CHI,MIN,CHI,00-0035795,James Pierre,DB,DB,ROLE_SHADOW,2.764515747069592,2,2,True,STARTER_CONFLICT_REVIEW,True,-0.7645157470695918
2,2026_02_DET_BUF,DET,BUF,00-0035895,Joe Bachie,LB,LB,ROLE_SHADOW,2.818744533720152,0,0,False,ROLE_ALIGNED,True,-2.818744533720152
2,2026_02_DET_BUF,BUF,DET,00-0035933,Michael Hoecht,LB,LB,ROLE_SHADOW,2.304141174699456,1,1,True,ROLE_ALIGNED,True,-1.3041411746994558
2,2026_02_CLE_TB,TB,CLE,00-0035942,Christian Rozeboom,LB,LB,ROLE_SHADOW,6.969575321932618,0,0,False,REVIEW_BACKUP_CONFLICT,False,-6.969575321932618
2,2026_02_DET_BUF,BUF,DET,00-0036037,Sam Franklin Jr.,DB,DB,ROLE_SHADOW,0.8690756573175475,0,0,False,ROLE_ALIGNED,True,-0.8690756573175475
2,2026_02_NO_BAL,BAL,NO,00-0036081,Broderick Washington,DL,EDGE,ROLE_SHADOW,1.4581749692038488,3,3,True,ROLE_ALIGNED,True,1.5418250307961512
2,2026_02_DET_BUF,DET,BUF,00-0036124,Khalil Dorsey,DB,DB,ROLE_SHADOW,0.8805984590881847,1,1,True,ROLE_ALIGNED,True,0.11940154091181532
2,2026_02_NO_BAL,BAL,NO,00-0036130,Nnamdi Madubuike,DL,EDGE,ROLE_SHADOW,2.715087583880757,0,0,False,STARTER_CONFLICT_REVIEW,True,-2.715087583880757
2,2026_02_MIA_SF,MIA,SF,00-0036159,Joshua Uche,LB,EDGE,ROLE_SHADOW,3.0984566742079336,6,6,True,STARTER_CONFLICT_REVIEW,True,2.9015433257920664
2,2026_02_LV_LAC,LAC,LV,00-0036181,Teair Tart,DL,EDGE,ROLE_SHADOW,2.210537270262096,2,2,True,STARTER_CONFLICT_REVIEW,True,-0.2105372702620958
2,2026_02_PHI_TEN,PHI,TEN,00-0036192,A.J. Epenesa,DL,EDGE,ROLE_SHADOW,2.1323959798275727,0,0,True,ROLE_ALIGNED,True,-2.1323959798275727
2,2026_02_NO_BAL,NO,BAL,00-0036193,Anfernee Jennings,LB,LB,ROLE_SHADOW,2.1102843828484015,3,3,True,ROLE_ALIGNED,True,0.8897156171515985
2,2026_02_CAR_ATL,ATL,CAR,00-0036204,LaCale London,DL,EDGE,ROLE_SHADOW,2.7673452004820054,4,4,True,STARTER_CONFLICT_REVIEW,True,1.2326547995179946
2,2026_02_CAR_ATL,CAR,ATL,00-0036220,Derrick Brown,DL,EDGE,ROLE_SHADOW,3.605204106979828,2,2,True,ROLE_ALIGNED,True,-1.6052041069798282
2,2026_02_JAX_DEN,DEN,JAX,00-0036221,Brandon Jones,DB,DB,ROLE_SHADOW,4.509495727347756,5,5,True,ROLE_ALIGNED,True,0.4905042726522444
2,2026_02_MIN_CHI,MIN,CHI,00-0036222,Isaiah Rodgers,DB,DB,ROLE_SHADOW,4.320058530898928,4,4,True,NO_DEPTH_FALLBACK_H012,False,-0.3200585308989279
2,2026_02_PHI_TEN,PHI,TEN,00-0036224,Jonathan Greenard,LB,LB,ROLE_SHADOW,3.4176440820049216,0,0,False,STARTER_CONFLICT_REVIEW,True,-3.4176440820049216
2,2026_02_CIN_HOU,CIN,HOU,00-0036231,Kyle Dugger,DB,DB,ROLE_SHADOW,3.5813334219549526,0,0,False,REVIEW_BACKUP_CONFLICT,False,-3.5813334219549526
2,2026_02_NO_BAL,NO,BAL,00-0036253,Julian Blackmon,DB,DB,ROLE_SHADOW,4.529214077515292,2,2,True,ROLE_ALIGNED,True,-2.5292140775152916
2,2026_02_WAS_DAL,WAS,DAL,00-0036260,Javon Kinlaw,DL,EDGE,ROLE_SHADOW,2.960613262527612,2,2,True,STARTER_CONFLICT_REVIEW,True,-0.960613262527612
2,2026_02_JAX_DEN,JAX,DEN,00-0036262,DaVon Hamilton,DL,DL,ROLE_SHADOW,1.9247906568718718,5,5,True,STARTER_CONFLICT_REVIEW,True,3.075209343128128
2,2026_02_PHI_TEN,TEN,PHI,00-0036266,Jordan Elliott,DL,DL,ROLE_SHADOW,1.9046489248310494,1,1,True,STARTER_CONFLICT_REVIEW,True,-0.9046489248310494
2,2026_02_CAR_ATL,ATL,CAR,00-0036281,C.J. Henderson,DB,DB,ROLE_SHADOW,2.089095819108735,4,4,True,ROLE_ALIGNED,True,1.910904180891265
2,2026_02_CLE_TB,CLE,TB,00-0036282,Grant Delpit,DB,DB,ROLE_SHADOW,4.820147818124459,5,5,True,ROLE_ALIGNED,True,0.17985218187554075
2,2026_02_CAR_ATL,ATL,CAR,00-0036285,A.J. Terrell,DB,DB,ROLE_SHADOW,4.227210444118884,1,1,True,ROLE_ALIGNED,True,-3.2272104441188842
2,2026_02_WAS_DAL,WAS,DAL,00-0036286,K'Lavon Chaisson,LB,LB,ROLE_SHADOW,2.787620076287859,3,3,True,REVIEW_BACKUP_CONFLICT,False,0.21237992371214087
2,2026_02_CLE_TB,CLE,TB,00-0036287,Noah Igbinoghene,DB,DB,ROLE_SHADOW,3.2168673774519414,2,2,True,ROLE_ALIGNED,True,-1.2168673774519414
2,2026_02_MIN_CHI,CHI,MIN,00-0036292,Jaylon Johnson,DB,DB,ROLE_SHADOW,3.336950683078973,4,4,True,ROLE_ALIGNED,True,0.6630493169210272
2,2026_02_LV_LAC,LV,LAC,00-0036293,Jeremy Chinn,DB,DB,ROLE_SHADOW,6.569813443100198,4,4,True,ROLE_ALIGNED,True,-2.569813443100198
2,2026_02_IND_KC,IND,KC,00-0036298,Akeem Davis-Gaither,LB,LB,ROLE_SHADOW,6.960741373654136,14,14,True,ROLE_ALIGNED,True,7.039258626345864
2,2026_02_NO_BAL,BAL,NO,00-0036302,Jaylinn Hawkins,DB,DB,ROLE_SHADOW,4.759156399183007,5,5,True,ROLE_ALIGNED,True,0.2408436008169934
2,2026_02_CAR_ATL,CAR,ATL,00-0036305,Trevis Gipson,LB,LB,ROLE_SHADOW,2.3022617977390754,1,1,True,ROLE_ALIGNED,True,-1.3022617977390754
2,2026_02_CLE_TB,CLE,TB,00-0036306,Daniel Thomas,DB,DB,ROLE_SHADOW,3.0588481859451253,0,0,False,ROLE_ALIGNED,True,-3.0588481859451253
2,2026_02_NO_BAL,NO,BAL,00-0036321,Chase Young,LB,EDGE,ROLE_SHADOW,2.7950637704162746,2,2,True,ROLE_ALIGNED,True,-0.7950637704162746
2,2026_02_PIT_NE,PIT,NE,00-0036323,Patrick Queen,LB,LB,ROLE_SHADOW,6.600581435964536,2,2,True,ROLE_ALIGNED,True,-4.600581435964536
2,2026_02_MIA_SF,SF,MIA,00-0036329,Ashtyn Davis,DB,DB,ROLE_SHADOW,4.295517640568414,0,0,False,REVIEW_BACKUP_CONFLICT,False,-4.295517640568414
2,2026_02_PIT_NE,PIT,NE,00-0036333,Alex Highsmith,LB,LB,ROLE_SHADOW,3.8291205349809196,3,3,True,ROLE_ALIGNED,True,-0.8291205349809196
2,2026_02_DET_BUF,DET,BUF,00-0036335,D.J. Wonnum,LB,EDGE,ROLE_SHADOW,2.9088599302401366,2,2,True,ROLE_ALIGNED,True,-0.9088599302401366
2,2026_02_MIN_CHI,CHI,MIN,00-0036337,James Lynch,DL,DL,ROLE_SHADOW,1.607550693675245,7,7,True,ROLE_ALIGNED,True,5.392449306324755
2,2026_02_LV_LAC,LAC,LV,00-0036338,Troy Dye,LB,LB,ROLE_SHADOW,1.9019142373346227,5,5,True,ROLE_ALIGNED,True,3.0980857626653773
2,2026_02_MIA_SF,SF,MIA,00-0036341,Khalid Kareem,DL,EDGE,ROLE_SHADOW,1.6684571779375856,2,2,True,ROLE_ALIGNED,True,0.33154282206241437
2,2026_02_MIN_CHI,MIN,CHI,00-0036348,Josh Metellus,DB,DB,ROLE_SHADOW,5.86197784446215,7,7,True,ROLE_ALIGNED,True,1.1380221555378496
2,2026_02_NYG_LA,LA,NYG,00-0036349,Kam Curl,DB,DB,ROLE_SHADOW,4.443107639124803,4,4,True,ROLE_ALIGNED,True,-0.4431076391248032
2,2026_02_MIA_SF,MIA,SF,00-0036362,Willie Gay Jr.,LB,LB,ROLE_SHADOW,2.953947812428937,3,3,True,STARTER_CONFLICT_REVIEW,True,0.04605218757106311
2,2026_02_MIN_CHI,CHI,MIN,00-0036366,Neville Gallimore,DL,DL,ROLE_SHADOW,2.0319526023246626,2,2,True,ROLE_ALIGNED,True,-0.03195260232466257
2,2026_02_IND_KC,KC,IND,00-0036374,L'Jarius Sneed,DB,DB,ROLE_SHADOW,4.333089540438827,7,7,True,ROLE_ALIGNED,True,2.666910459561173
2,2026_02_WAS_DAL,WAS,DAL,00-0036375,Amik Robertson,DB,DB,ROLE_SHADOW,4.448500721365034,5,5,True,ROLE_ALIGNED,True,0.5514992786349664
2,2026_02_DET_BUF,BUF,DET,00-0036378,Michael Danna,LB,LB,ROLE_SHADOW,2.3661166304218813,0,0,True,ROLE_ALIGNED,True,-2.3661166304218813
2,2026_02_IND_KC,KC,IND,00-0036380,Alohi Gilman,DB,DB,ROLE_SHADOW,5.581932980533811,5,5,True,ROLE_ALIGNED,True,-0.5819329805338107
2,2026_02_GB_NYJ,GB,NYJ,00-0036388,Xavier McKinney,DB,DB,ROLE_SHADOW,5.562872450370885,4,4,True,ROLE_ALIGNED,True,-1.562872450370885
2,2026_02_MIA_SF,MIA,SF,00-0036409,Jordyn Brooks,LB,LB,ROLE_SHADOW,9.461269910910248,3,3,True,ROLE_ALIGNED,True,-6.461269910910248
2,2026_02_CLE_TB,TB,CLE,00-0036411,Antoine Winfield Jr.,DB,DB,ROLE_SHADOW,6.228514584438094,4,4,True,ROLE_ALIGNED,True,-2.228514584438094
2,2026_02_IND_KC,KC,IND,00-0036416,Kristian Fulton,DB,DB,ROLE_SHADOW,3.4320716958829895,2,2,True,REVIEW_BACKUP_CONFLICT,False,-1.4320716958829895
2,2026_02_PHI_TEN,PHI,TEN,00-0036418,Zack Baun,LB,LB,ROLE_SHADOW,7.382217455855866,4,4,True,ROLE_ALIGNED,True,-3.3822174558558658
2,2026_02_PHI_TEN,TEN,PHI,00-0036421,Terrell Burgess,DB,DB,ROLE_SHADOW,1.0160528861448495,0,0,False,ROLE_ALIGNED,True,-1.0160528861448495
2,2026_02_JAX_DEN,DEN,JAX,00-0036428,Justin Strnad,LB,LB,ROLE_SHADOW,4.480123542687397,7,7,True,STARTER_CONFLICT_REVIEW,True,2.519876457312603
2,2026_02_LV_LAC,LV,LAC,00-0036479,Kwity Paye,DL,DL,ROLE_SHADOW,2.8281935612621503,2,2,True,STARTER_CONFLICT_REVIEW,True,-0.8281935612621503
2,2026_02_MIN_CHI,CHI,MIN,00-0036480,Dayo Odeyingbo,DL,EDGE,ROLE_SHADOW,2.785784784182841,1,1,True,STARTER_CONFLICT_REVIEW,True,-1.785784784182841
2,2026_02_GB_NYJ,NYJ,GB,00-0036500,Jamien Sherwood,LB,LB,ROLE_SHADOW,7.452121468734226,6,6,True,ROLE_ALIGNED,True,-1.4521214687342257
2,2026_02_PHI_TEN,PHI,TEN,00-0036501,Michael Carter II,DB,DB,ROLE_SHADOW,1.627686436679748,0,0,True,ROLE_ALIGNED,True,-1.627686436679748
2,2026_02_NYG_LA,NYG,LA,00-0036502,Jason Pinnock,DB,DB,ROLE_SHADOW,2.1768849800034764,0,0,False,ROLE_ALIGNED,True,-2.1768849800034764
2,2026_02_PIT_NE,PIT,NE,00-0036504,Brandin Echols,DB,DB,ROLE_SHADOW,2.1296501236648377,0,0,True,ROLE_ALIGNED,True,-2.1296501236648377
2,2026_02_MIA_SF,SF,MIA,00-0036563,Deommodore Lenoir,DB,DB,ROLE_SHADOW,4.370461232229321,4,4,True,ROLE_ALIGNED,True,-0.3704612322293208
2,2026_02_JAX_DEN,DEN,JAX,00-0036564,Talanoa Hufanga,DB,DB,ROLE_SHADOW,5.276352202376031,6,6,True,ROLE_ALIGNED,True,0.7236477976239692
2,2026_02_SEA_ARI,ARI,SEA,00-0036568,Roy Lopez,DL,DL,ROLE_SHADOW,2.4282000159214694,4,4,True,STARTER_CONFLICT_REVIEW,True,1.5717999840785306
2,2026_02_NYG_LA,NYG,LA,00-0036587,Ar'Darius Washington,DB,DB,ROLE_SHADOW,1.24327289746553,1,1,True,ROLE_ALIGNED,True,-0.24327289746553005
2,2026_02_PIT_NE,PIT,NE,00-0036617,Asante Samuel Jr.,DB,DB,ROLE_SHADOW,2.7577579191505626,5,5,True,REVIEW_BACKUP_CONFLICT,False,2.2422420808494374
2,2026_02_IND_KC,KC,IND,00-0036621,Nick Bolton,LB,LB,ROLE_SHADOW,8.573811412221753,13,13,True,ROLE_ALIGNED,True,4.426188587778247
2,2026_02_DET_BUF,DET,BUF,00-0036624,Alim McNeill,DL,DL,ROLE_SHADOW,1.8919795539856499,2,2,True,ROLE_ALIGNED,True,0.10802044601435012
2,2026_02_GB_NYJ,GB,NYJ,00-0036625,Benjamin St-Juste,DB,DB,ROLE_SHADOW,1.3258590111553126,0,0,False,ROLE_ALIGNED,True,-1.3258590111553126
2,2026_02_IND_KC,IND,KC,00-0036629,Camryn Bynum,DB,DB,ROLE_SHADOW,4.792523235997489,9,9,True,ROLE_ALIGNED,True,4.207476764002511
2,2026_02_CIN_HOU,CIN,HOU,00-0036642,Tedarrell Slaton,DL,DL,ROLE_SHADOW,2.265657356530602,2,2,True,ROLE_ALIGNED,True,-0.26565735653060196
2,2026_02_GB_NYJ,GB,NYJ,00-0036648,Nick Niemann,LB,LB,ROLE_SHADOW,1.961891378916174,0,0,False,ROLE_ALIGNED,True,-1.961891378916174
2,2026_02_GB_NYJ,GB,NYJ,00-0036658,Isaiah McDuffie,LB,LB,ROLE_SHADOW,2.6051534800939873,0,0,False,ROLE_ALIGNED,True,-2.6051534800939873
2,2026_02_NYG_LA,LA,NYG,00-0036672,Grant Stuard,LB,LB,ROLE_SHADOW,1.2889020014105448,0,0,False,ROLE_ALIGNED,True,-1.2889020014105448
2,2026_02_MIA_SF,MIA,SF,00-0036677,Zayne Anderson,DB,DB,ROLE_SHADOW,2.6160099073289014,2,2,True,STARTER_CONFLICT_REVIEW,True,-0.6160099073289014
2,2026_02_MIA_SF,MIA,SF,00-0036682,Malik Herring,DL,EDGE,ROLE_SHADOW,1.2845899738039386,2,2,True,ROLE_ALIGNED,True,0.7154100261960614
2,2026_02_JAX_DEN,DEN,JAX,00-0036683,Devon Key,DB,DB,ROLE_SHADOW,1.7356588555185832,0,0,False,ROLE_ALIGNED,True,-1.7356588555185832
2,2026_02_PIT_NE,NE,PIT,00-0036813,Christian Elliss,LB,LB,ROLE_SHADOW,5.928806353545251,12,12,True,ROLE_ALIGNED,True,6.071193646454749
2,2026_02_MIA_SF,SF,MIA,00-0036844,Garret Wallow,LB,LB,ROLE_SHADOW,1.6466611242734432,0,0,True,ROLE_ALIGNED,True,-1.6466611242734432
2,2026_02_NO_BAL,NO,BAL,00-0036867,Chris Rumph II,LB,LB,ROLE_SHADOW,1.4784752644073489,0,0,True,ROLE_ALIGNED,True,-1.4784752644073489
2,2026_02_JAX_DEN,DEN,JAX,00-0036874,Pat Surtain II,DB,DB,ROLE_SHADOW,3.853165104293092,6,6,True,ROLE_ALIGNED,True,2.146834895706908
2,2026_02_CIN_HOU,HOU,CIN,00-0036883,Tommy Togiai,DL,DL,ROLE_SHADOW,4.591746714954014,6,6,True,STARTER_CONFLICT_REVIEW,True,1.4082532850459861
2,2026_02_DET_BUF,BUF,DET,00-0036888,Damar Hamlin,DB,DB,ROLE_SHADOW,3.1843101364195876,1,1,True,ROLE_ALIGNED,True,-2.1843101364195876
2,2026_02_LV_LAC,LV,LAC,00-0036901,Eric Stokes,DB,DB,ROLE_SHADOW,3.8354038278755143,4,4,True,ROLE_ALIGNED,True,0.16459617212448574
2,2026_02_GB_NYJ,NYJ,GB,00-0036902,Joseph Ossai,LB,EDGE,ROLE_SHADOW,3.1541670949752176,0,0,False,REVIEW_BACKUP_CONFLICT,False,-3.1541670949752176
2,2026_02_CAR_ATL,CAR,ATL,00-0036903,Bobby Brown III,DL,EDGE,ROLE_SHADOW,2.7512558601465007,0,0,False,STARTER_CONFLICT_REVIEW,True,-2.7512558601465007
2,2026_02_IND_KC,KC,IND,00-0036909,Khyiris Tonga,DL,DL,ROLE_SHADOW,2.0607189240681665,0,0,True,STARTER_CONFLICT_REVIEW,True,-2.0607189240681665
2,2026_02_DET_BUF,BUF,DET,00-0036914,Greg Rousseau,LB,LB,ROLE_SHADOW,3.3929481979297575,3,3,True,ROLE_ALIGNED,True,-0.39294819792975755
2,2026_02_PIT_NE,NE,PIT,00-0036916,Milton Williams,DL,EDGE,ROLE_SHADOW,2.844735575083307,1,1,True,STARTER_CONFLICT_REVIEW,True,-1.8447355750833072
2,2026_02_LV_LAC,LV,LAC,00-0036922,Patrick Johnson,LB,EDGE,ROLE_SHADOW,0.8065570896908109,0,0,False,ROLE_ALIGNED,True,-0.8065570896908109
2,2026_02_NO_BAL,NO,BAL,00-0036927,Pete Werner,LB,LB,ROLE_SHADOW,3.9456999758458497,11,11,True,STARTER_CONFLICT_REVIEW,True,7.05430002415415
2,2026_02_SEA_ARI,ARI,SEA,00-0036933,Zaven Collins,LB,LB,ROLE_SHADOW,3.2622181344896415,3,4,True,STARTER_CONFLICT_REVIEW,True,-0.2622181344896415
2,2026_02_CAR_ATL,CAR,ATL,00-0036934,Jaelan Phillips,LB,LB,ROLE_SHADOW,3.9202822583914774,2,2,True,ROLE_ALIGNED,True,-1.9202822583914774
2,2026_02_NYG_LA,NYG,LA,00-0036937,Paulson Adebo,DB,DB,ROLE_SHADOW,3.236850858850088,0,0,False,ROLE_ALIGNED,True,-3.236850858850088
2,2026_02_WAS_DAL,WAS,DAL,00-0036940,Odafe Oweh,LB,LB,ROLE_SHADOW,3.5723855479925595,2,2,True,ROLE_ALIGNED,True,-1.5723855479925595
2,2026_02_GB_NYJ,NYJ,GB,00-0036941,Andre Cisco,DB,DB,ROLE_SHADOW,4.50588374294346,5,5,True,REVIEW_BACKUP_CONFLICT,False,0.4941162570565396
2,2026_02_MIA_SF,SF,MIA,00-0036942,Osa Odighizuwa,DL,DL,ROLE_SHADOW,2.617560098573639,2,2,True,STARTER_CONFLICT_REVIEW,True,-0.6175600985736391
2,2026_02_CAR_ATL,CAR,ATL,00-0036944,Jaycee Horn,DB,DB,ROLE_SHADOW,3.2238085393700016,1,1,True,ROLE_ALIGNED,True,-2.2238085393700016
2,2026_02_CAR_ATL,CAR,ATL,00-0036962,Tre'von Moehrig,DB,DB,ROLE_SHADOW,5.612706935380987,5,5,True,ROLE_ALIGNED,True,-0.6127069353809871
2,2026_02_DET_BUF,DET,BUF,00-0036964,Derrick Barnes,LB,LB,ROLE_SHADOW,4.3780183087114075,6,6,True,ROLE_ALIGNED,True,1.6219816912885925
2,2026_02_CLE_TB,CLE,TB,00-0036974,Tyson Campbell,DB,DB,ROLE_SHADOW,4.9047837062570245,5,5,True,ROLE_ALIGNED,True,0.09521629374297547
2,2026_02_PIT_NE,NE,PIT,00-0036981,Christian Barmore,DL,EDGE,ROLE_SHADOW,2.0754067631281017,1,1,True,STARTER_CONFLICT_REVIEW,True,-1.0754067631281017
2,2026_02_NYG_LA,NYG,LA,00-0036982,Chauncey Golston,DL,EDGE,ROLE_SHADOW,2.4863959905400015,4,4,True,STARTER_CONFLICT_REVIEW,True,1.5136040094599985
2,2026_02_GB_NYJ,NYJ,GB,00-0036986,Nahshon Wright,DB,DB,ROLE_SHADOW,4.438234486434717,0,0,False,ROLE_ALIGNED,True,-4.438234486434717
2,2026_02_GB_NYJ,NYJ,GB,00-0036987,Brandon Stephens,DB,DB,ROLE_SHADOW,3.664457501820333,4,4,True,ROLE_ALIGNED,True,0.3355424981796671
2,2026_02_LV_LAC,LV,LAC,00-0036989,Malcolm Koonce,DL,DL,ROLE_SHADOW,1.8142514368059195,3,3,True,ROLE_ALIGNED,True,1.1857485631940805
2,2026_02_CAR_ATL,ATL,CAR,00-0036990,Divine Deablo,LB,LB,ROLE_SHADOW,6.84977592718991,2,2,True,ROLE_ALIGNED,True,-4.84977592718991
2,2026_02_LV_LAC,LAC,LV,00-0036992,Elijah Molden,DB,DB,ROLE_SHADOW,4.109376323596689,0,0,False,ROLE_ALIGNED,True,-4.109376323596689
2,2026_02_SEA_ARI,SEA,ARI,00-0036994,Ernest Jones,LB,LB,ROLE_SHADOW,8.543620866241996,8,8,True,ROLE_ALIGNED,True,-0.5436208662419961
2,2026_02_SEA_ARI,ARI,SEA,00-0036995,Baron Browning,LB,LB,ROLE_SHADOW,2.6773001530685927,2,2,True,ROLE_ALIGNED,True,-0.6773001530685927
2,2026_02_NYG_LA,NYG,LA,00-0036996,Greg Newsome II,DB,DB,ROLE_SHADOW,3.0729331880537325,5,5,True,ROLE_ALIGNED,True,1.9270668119462675
2,2026_02_NYG_LA,NYG,LA,00-0036998,Jevon Holland,DB,DB,ROLE_SHADOW,4.74688067424047,7,8,True,ROLE_ALIGNED,True,2.2531193257595303
2,2026_02_SEA_ARI,SEA,ARI,00-0037003,Chazz Surratt,LB,LB,ROLE_SHADOW,1.222650740606568,0,0,True,ROLE_ALIGNED,True,-1.222650740606568
2,2026_02_CAR_ATL,CAR,ATL,00-0037007,Patrick Jones II,LB,LB,ROLE_SHADOW,4.133498782354916,0,0,False,STARTER_CONFLICT_REVIEW,True,-4.133498782354916
2,2026_02_DET_BUF,BUF,DET,00-0037034,Dee Alford,DB,DB,ROLE_SHADOW,4.337048230144218,4,4,True,STARTER_CONFLICT_REVIEW,True,-0.3370482301442177
2,2026_02_PHI_TEN,PHI,TEN,00-0037073,Jordan Davis,DL,DL,ROLE_SHADOW,3.9386026339724243,1,1,True,NO_DEPTH_FALLBACK_H012,False,-2.9386026339724243
2,2026_02_LV_LAC,LV,LAC,00-0037074,Quay Walker,LB,LB,ROLE_SHADOW,8.130987763580446,10,10,True,ROLE_ALIGNED,True,1.8690122364195538
2,2026_02_GB_NYJ,GB,NYJ,00-0037075,Devonte Wyatt,DL,EDGE,ROLE_SHADOW,2.9367641393499646,1,1,True,STARTER_CONFLICT_REVIEW,True,-1.9367641393499646
2,2026_02_PHI_TEN,PHI,TEN,00-0037079,Riq Woolen,DB,DB,ROLE_SHADOW,2.653957317483978,3,3,True,ROLE_ALIGNED,True,0.3460426825160221
2,2026_02_CIN_HOU,HOU,CIN,00-0037082,Dominique Robinson,DL,EDGE,ROLE_SHADOW,0.9041165748699584,0,0,True,ROLE_ALIGNED,True,-0.9041165748699584
2,2026_02_GB_NYJ,NYJ,GB,00-0037083,Kingsley Enagbare,LB,EDGE,ROLE_SHADOW,3.2903467225486978,2,3,True,STARTER_CONFLICT_REVIEW,True,-1.2903467225486978
2,2026_02_GB_NYJ,GB,NYJ,00-0037094,Jonathan Ford,DL,DL,ROLE_SHADOW,1.6399448098712608,0,0,True,ROLE_ALIGNED,True,-1.6399448098712608
2,2026_02_MIN_CHI,CHI,MIN,00-0037096,Elijah Hicks,DB,DB,ROLE_SHADOW,1.0951798126335748,0,0,False,ROLE_ALIGNED,True,-1.0951798126335748
2,2026_02_MIN_CHI,CHI,MIN,00-0037109,Jack Sanborn,LB,LB,ROLE_SHADOW,3.372125866337719,0,0,False,ROLE_ALIGNED,True,-3.372125866337719
2,2026_02_MIN_CHI,CHI,MIN,00-0037129,Josh Blackwell,DB,DB,ROLE_SHADOW,0.5391867173500511,0,0,False,ROLE_ALIGNED,True,-0.5391867173500511
2,2026_02_CIN_HOU,HOU,CIN,00-0037130,Reed Blankenship,DB,DB,ROLE_SHADOW,6.197756117258055,5,5,True,ROLE_ALIGNED,True,-1.1977561172580549
2,2026_02_SEA_ARI,SEA,ARI,00-0037137,Josh Jobe,DB,DB,ROLE_SHADOW,3.5627632297973264,1,1,True,ROLE_ALIGNED,True,-2.5627632297973264
2,2026_02_PHI_TEN,TEN,PHI,00-0037155,Tony Adams,DB,DB,ROLE_SHADOW,2.315180445412869,0,0,False,ROLE_ALIGNED,True,-2.315180445412869
2,2026_02_IND_KC,IND,KC,00-0037190,Sauce Gardner,DB,DB,ROLE_SHADOW,3.0865116002875825,6,6,True,ROLE_ALIGNED,True,2.9134883997124175
2,2026_02_NYG_LA,LA,NYG,00-0037191,Trent McDuffie,DB,DB,ROLE_SHADOW,4.883388900692461,2,2,True,ROLE_ALIGNED,True,-2.883388900692461
2,2026_02_IND_KC,KC,IND,00-0037192,George Karlaftis,DL,EDGE,ROLE_SHADOW,2.6551035219187336,5,5,True,ROLE_ALIGNED,True,2.3448964780812664
2,2026_02_CIN_HOU,CIN,HOU,00-0037193,Bryan Cook,DB,DB,ROLE_SHADOW,5.780909159271015,4,4,True,ROLE_ALIGNED,True,-1.7809091592710153
2,2026_02_NYG_LA,LA,NYG,00-0037195,Jaylen Watson,DB,DB,ROLE_SHADOW,4.092172726762942,4,4,True,ROLE_ALIGNED,True,-0.09217272676294197
2,2026_02_IND_KC,KC,IND,00-0037208,Jack Cochrane,LB,LB,ROLE_SHADOW,1.1731976119390308,1,1,True,ROLE_ALIGNED,True,-0.17319761193903083
2,2026_02_JAX_DEN,JAX,DEN,00-0037235,Travon Walker,DL,EDGE,ROLE_SHADOW,2.92521740719596,3,3,True,ROLE_ALIGNED,True,0.07478259280403998
2,2026_02_DET_BUF,DET,BUF,00-0037236,Aidan Hutchinson,DL,EDGE,ROLE_SHADOW,3.7286690783425076,3,3,True,ROLE_ALIGNED,True,-0.7286690783425076
2,2026_02_CIN_HOU,HOU,CIN,00-0037237,Derek Stingley Jr.,DB,DB,ROLE_SHADOW,2.643513743367453,3,3,True,ROLE_ALIGNED,True,0.35648625663254707
2,2026_02_CAR_ATL,CAR,ATL,00-0037244,Devin Lloyd,LB,LB,ROLE_SHADOW,7.776278010535055,9,9,True,ROLE_ALIGNED,True,1.223721989464945
2,2026_02_CIN_HOU,HOU,CIN,00-0037246,Jalen Pitre,DB,DB,ROLE_SHADOW,5.397993944385804,4,4,True,ROLE_ALIGNED,True,-1.3979939443858038
2,2026_02_JAX_DEN,DEN,JAX,00-0037249,Nik Bonitto,LB,LB,ROLE_SHADOW,2.4249208337676116,0,0,True,STARTER_CONFLICT_REVIEW,True,-2.4249208337676116
2,2026_02_NO_BAL,NO,BAL,00-0037250,Martin Emerson,DB,DB,ROLE_SHADOW,2.3218708322912307,3,3,True,ROLE_ALIGNED,True,0.6781291677087693
2,2026_02_PIT_NE,NE,PIT,00-0037253,Marcus Jones,DB,DB,ROLE_SHADOW,3.0042528383653617,2,2,True,STARTER_CONFLICT_REVIEW,True,-1.0042528383653617
2,2026_02_DET_BUF,BUF,DET,00-0037254,Terrel Bernard,LB,LB,ROLE_SHADOW,6.287945523159966,5,5,True,ROLE_ALIGNED,True,-1.2879455231599657
2,2026_02_NYG_LA,NYG,LA,00-0037259,Micah McFadden,LB,LB,ROLE_SHADOW,3.9923385260805855,0,0,False,ROLE_ALIGNED,True,-3.9923385260805855
2,2026_02_LV_LAC,LV,LAC,00-0037262,Thomas Booker,DL,EDGE,ROLE_SHADOW,2.2022816882208534,1,1,True,ROLE_ALIGNED,True,-1.2022816882208534
2,2026_02_CLE_TB,TB,CLE,00-0037268,Zyon McCollum,DB,DB,ROLE_SHADOW,4.472620317580639,3,3,True,ROLE_ALIGNED,True,-1.4726203175806392
2,2026_02_WAS_DAL,DAL,WAS,00-0037270,Otito Ogbonnia,DL,DL,ROLE_SHADOW,2.553868583203123,0,0,True,STARTER_CONFLICT_REVIEW,True,-2.553868583203123
2,2026_02_MIN_CHI,CHI,MIN,00-0037271,D'Marco Jackson,LB,LB,ROLE_SHADOW,3.479516883165824,3,3,True,STARTER_CONFLICT_REVIEW,True,-0.47951688316582386
2,2026_02_WAS_DAL,DAL,WAS,00-0037275,DaRon Bland,DB,DB,ROLE_SHADOW,6.6234075215992885,5,5,True,ROLE_ALIGNED,True,-1.6234075215992885
2,2026_02_NO_BAL,NO,BAL,00-0037283,John Ridgeway,DL,EDGE,ROLE_SHADOW,2.135064675453857,0,0,False,ROLE_ALIGNED,True,-2.135064675453857
2,2026_02_DET_BUF,BUF,DET,00-0037288,Christian Benford,DB,DB,ROLE_SHADOW,3.18554753223488,8,8,True,ROLE_ALIGNED,True,4.81445246776512
2,2026_02_DET_BUF,DET,BUF,00-0037289,Malcolm Rodriguez,LB,LB,ROLE_SHADOW,3.247875366855081,1,1,True,STARTER_CONFLICT_REVIEW,True,-2.247875366855081
2,2026_02_JAX_DEN,DEN,JAX,00-0037294,Jordan Jackson,DL,EDGE,ROLE_SHADOW,1.3546545343043261,0,0,False,ROLE_ALIGNED,True,-1.3546545343043261
2,2026_02_MIN_CHI,MIN,CHI,00-0037301,Theo Jackson,DB,DB,ROLE_SHADOW,2.8913590097831854,3,3,True,ROLE_ALIGNED,True,0.10864099021681461
2,2026_02_WAS_DAL,DAL,WAS,00-0037310,James Houston,LB,LB,ROLE_SHADOW,1.3867667849265912,0,0,False,ROLE_ALIGNED,True,-1.3867667849265912
2,2026_02_JAX_DEN,JAX,DEN,00-0037313,Montaric Brown,DB,DB,ROLE_SHADOW,4.125875334339958,4,4,True,ROLE_ALIGNED,True,-0.12587533433995812
2,2026_02_LV_LAC,LAC,LV,00-0037320,Deane Leonard,DB,DB,ROLE_SHADOW,1.2113388354854908,0,0,False,ROLE_ALIGNED,True,-1.2113388354854908
2,2026_02_JAX_DEN,DEN,JAX,00-0037384,Ja'Quan McMillian,DB,DB,ROLE_SHADOW,3.3428627274681944,4,4,True,ROLE_ALIGNED,True,0.6571372725318056
2,2026_02_CIN_HOU,HOU,CIN,00-0037457,Jake Hansen,LB,LB,ROLE_SHADOW,1.2811209193683732,4,4,True,ROLE_ALIGNED,True,2.718879080631627
2,2026_02_LV_LAC,LV,LAC,00-0037461,Tristin McCollum,DB,DB,ROLE_SHADOW,2.0510894635170303,0,0,False,ROLE_ALIGNED,True,-2.0510894635170303
2,2026_02_LV_LAC,LV,LAC,00-0037512,Isaiah Pola-Mao,DB,DB,ROLE_SHADOW,3.3835361629031744,4,4,True,REVIEW_BACKUP_CONFLICT,False,0.6164638370968256
2,2026_02_GB_NYJ,NYJ,GB,00-0037526,Marcelino McCrary-Ball,LB,LB,ROLE_SHADOW,1.8158832478597828,0,0,False,ROLE_ALIGNED,True,-1.8158832478597828
2,2026_02_LV_LAC,LV,LAC,00-0037527,Segun Olubi,LB,LB,ROLE_SHADOW,1.3413070235975306,0,0,False,ROLE_ALIGNED,True,-1.3413070235975306
2,2026_02_WAS_DAL,DAL,WAS,00-0037561,Markquese Bell,DB,DB,ROLE_SHADOW,1.2071543987668896,5,5,True,ROLE_ALIGNED,True,3.79284560123311
2,2026_02_NYG_LA,LA,NYG,00-0037587,Nate Landman,LB,LB,ROLE_SHADOW,6.666168710516567,7,7,True,ROLE_ALIGNED,True,0.33383128948343277
2,2026_02_SEA_ARI,ARI,SEA,00-0037596,Jack Gibbens,LB,LB,ROLE_SHADOW,6.92019732484847,9,9,True,ROLE_ALIGNED,True,2.07980267515153
2,2026_02_NYG_LA,NYG,LA,00-0037611,Kayvon Thibodeaux,LB,LB,ROLE_SHADOW,2.557889049567124,0,0,True,ROLE_ALIGNED,True,-2.557889049567124
2,2026_02_LV_LAC,LV,LAC,00-0037615,Nakobe Dean,LB,LB,ROLE_SHADOW,6.326140901261179,9,10,True,ROLE_ALIGNED,True,2.673859098738821
2,2026_02_WAS_DAL,WAS,DAL,00-0037616,Nick Cross,DB,DB,ROLE_SHADOW,6.452008436736556,3,3,True,ROLE_ALIGNED,True,-3.4520084367365564
2,2026_02_CIN_HOU,HOU,CIN,00-0037633,Jacob Hummel,LB,LB,ROLE_SHADOW,1.297445073598615,0,0,False,STARTER_CONFLICT_REVIEW,True,-1.297445073598615
2,2026_02_PHI_TEN,TEN,PHI,00-0037663,Jermaine Johnson II,LB,EDGE,ROLE_SHADOW,2.2168968656220613,2,2,True,STARTER_CONFLICT_REVIEW,True,-0.21689686562206134
2,2026_02_CLE_TB,CLE,TB,00-0037665,Sam Williams,DL,EDGE,ROLE_SHADOW,2.7779372529003963,2,2,True,ROLE_ALIGNED,True,-0.7779372529003963
2,2026_02_CIN_HOU,CIN,HOU,00-0037743,Daxton Hill,DB,DB,ROLE_SHADOW,4.649181994148804,10,10,True,ROLE_ALIGNED,True,5.350818005851196
2,2026_02_JAX_DEN,DEN,JAX,00-0037752,Tycen Anderson,DB,DB,ROLE_SHADOW,1.5078846832683666,0,0,False,ROLE_ALIGNED,True,-1.5078846832683666
2,2026_02_IND_KC,IND,KC,00-0037753,Cam Taylor-Britt,DB,DB,ROLE_SHADOW,1.8833823454908192,3,3,True,ROLE_ALIGNED,True,1.1166176545091808
2,2026_02_NO_BAL,BAL,NO,00-0037756,Travis Jones,DL,DL,ROLE_SHADOW,3.0984578268130716,1,1,True,ROLE_ALIGNED,True,-2.0984578268130716
2,2026_02_PHI_TEN,TEN,PHI,00-0037758,Cordale Flott,DB,DB,ROLE_SHADOW,3.049004664086681,0,0,False,ROLE_ALIGNED,True,-3.049004664086681
2,2026_02_JAX_DEN,DEN,JAX,00-0037799,Dondrea Tillman,LB,LB,ROLE_SHADOW,2.7785896957069167,1,1,True,ROLE_ALIGNED,True,-1.7785896957069167
2,2026_02_CAR_ATL,ATL,CAR,00-0037815,Cameron Thomas,DL,DL,ROLE_SHADOW,1.8403716146473363,4,4,True,ROLE_ALIGNED,True,2.1596283853526637
2,2026_02_WAS_DAL,WAS,DAL,00-0037819,Leo Chenal,LB,LB,ROLE_SHADOW,3.6672131421904606,12,12,True,ROLE_ALIGNED,True,8.33278685780954
2,2026_02_CAR_ATL,ATL,CAR,00-0037823,Christian Harris,LB,LB,ROLE_SHADOW,2.242344939974405,1,1,True,ROLE_ALIGNED,True,-1.242344939974405
2,2026_02_WAS_DAL,DAL,WAS,00-0037839,Cobie Durant,DB,DB,ROLE_SHADOW,2.718502061880689,1,1,True,ROLE_ALIGNED,True,-1.718502061880689
2,2026_02_NYG_LA,LA,NYG,00-0037841,Quentin Lake,DB,DB,ROLE_SHADOW,5.894831725656975,6,6,True,ROLE_ALIGNED,True,0.10516827434302467
2,2026_02_MIN_CHI,CHI,MIN,00-0037843,Daniel Hardy,DL,EDGE,ROLE_SHADOW,0.5764158925536303,0,0,False,ROLE_ALIGNED,True,-0.5764158925536303
2,2026_02_NO_BAL,BAL,NO,00-0038038,Kyle Hamilton,DB,DB,ROLE_SHADOW,5.967263836459332,13,13,True,ROLE_ALIGNED,True,7.032736163540668
2,2026_02_MIA_SF,SF,MIA,00-0038039,Jack Jones,DB,DB,ROLE_SHADOW,2.543333704454428,0,0,True,ROLE_ALIGNED,True,-2.543333704454428
2,2026_02_WAS_DAL,WAS,DAL,00-0038100,Percy Butler,DB,DB,ROLE_SHADOW,0.6494529535837937,0,0,False,ROLE_ALIGNED,True,-0.6494529535837937
2,2026_02_CAR_ATL,CAR,ATL,00-0038101,Akayleb Evans,DB,DB,ROLE_SHADOW,1.0105144590523694,2,2,True,ROLE_ALIGNED,True,0.9894855409476306
2,2026_02_JAX_DEN,DEN,JAX,00-0038106,Eyioma Uwazurike,DL,EDGE,ROLE_SHADOW,2.7030561530954014,1,1,True,STARTER_CONFLICT_REVIEW,True,-1.7030561530954014
2,2026_02_IND_KC,IND,KC,00-0038107,Micheal Clemons,DL,EDGE,ROLE_SHADOW,1.2508072789964773,0,0,True,ROLE_ALIGNED,True,-1.2508072789964773
2,2026_02_PHI_TEN,PHI,TEN,00-0038116,Arnold Ebiketie,LB,LB,ROLE_SHADOW,1.6650097144370857,2,2,True,ROLE_ALIGNED,True,0.3349902855629143
2,2026_02_PHI_TEN,TEN,PHI,00-0038121,Alontae Taylor,DB,DB,ROLE_SHADOW,4.94425414819506,5,5,True,ROLE_ALIGNED,True,0.055745851804940294
2,2026_02_GB_NYJ,NYJ,GB,00-0038123,Dane Belton,DB,DB,ROLE_SHADOW,6.190648566955276,6,6,True,REVIEW_BACKUP_CONFLICT,False,-0.190648566955276
2,2026_02_DET_BUF,DET,BUF,00-0038125,Roger McCreary,DB,DB,ROLE_SHADOW,2.678252016147906,0,0,True,STARTER_CONFLICT_REVIEW,True,-2.678252016147906
2,2026_02_CIN_HOU,HOU,CIN,00-0038127,Logan Hall,DL,DL,ROLE_SHADOW,2.0884667669420525,3,3,True,ROLE_ALIGNED,True,0.9115332330579475
2,2026_02_CIN_HOU,CIN,HOU,00-0038133,Boye Mafe,DL,EDGE,ROLE_SHADOW,2.6303225280224023,2,2,True,STARTER_CONFLICT_REVIEW,True,-0.6303225280224023
2,2026_02_PIT_NE,PIT,NE,00-0038135,Jaquan Brisker,DB,DB,ROLE_SHADOW,5.891035265735699,6,6,True,ROLE_ALIGNED,True,0.1089647342643012
2,2026_02_PHI_TEN,PHI,TEN,00-0038386,Jalen Carter,DL,EDGE,ROLE_SHADOW,3.249320245945584,1,1,True,ROLE_ALIGNED,True,-2.249320245945584
2,2026_02_NO_BAL,NO,BAL,00-0038387,Colby Wooden,DL,EDGE,ROLE_SHADOW,1.8976133444686651,1,1,True,STARTER_CONFLICT_REVIEW,True,-0.8976133444686651
2,2026_02_GB_NYJ,GB,NYJ,00-0038398,Karl Brooks,DL,EDGE,ROLE_SHADOW,2.3938372686974474,1,1,True,STARTER_CONFLICT_REVIEW,True,-1.3938372686974474
2,2026_02_NYG_LA,NYG,LA,00-0038399,Zaire Barnes,LB,LB,ROLE_SHADOW,4.630398205223485,0,0,True,ROLE_ALIGNED,True,-4.630398205223485
2,2026_02_PHI_TEN,TEN,PHI,00-0038407,Jaylon Jones,DB,DB,ROLE_SHADOW,2.2665750763398607,0,0,False,ROLE_ALIGNED,True,-2.2665750763398607
2,2026_02_GB_NYJ,GB,NYJ,00-0038408,Carrington Valentine,DB,DB,ROLE_SHADOW,1.5253586188745645,0,0,True,ROLE_ALIGNED,True,-1.5253586188745645
2,2026_02_PHI_TEN,PHI,TEN,00-0038412,Moro Ojomo,DL,EDGE,ROLE_SHADOW,2.3064805554680907,4,4,True,STARTER_CONFLICT_REVIEW,True,1.6935194445319093
2,2026_02_LV_LAC,LAC,LV,00-0038414,Kendall Williamson,DB,DB,ROLE_SHADOW,1.0948113626205231,0,0,False,ROLE_ALIGNED,True,-1.0948113626205231
2,2026_02_GB_NYJ,GB,NYJ,00-0038463,Brenton Cox Jr.,LB,EDGE,ROLE_SHADOW,1.7251695393798976,2,2,True,ROLE_ALIGNED,True,0.2748304606201024
2,2026_02_CAR_ATL,CAR,ATL,00-0038493,Claudin Cherelus,LB,LB,ROLE_SHADOW,2.351585914733419,0,0,False,ROLE_ALIGNED,True,-2.351585914733419
2,2026_02_NO_BAL,BAL,NO,00-0038504,Trenton Simpson,LB,LB,ROLE_SHADOW,4.4537206314426205,6,6,True,ROLE_ALIGNED,True,1.5462793685573795
2,2026_02_NO_BAL,BAL,NO,00-0038505,Tavius Robinson,LB,LB,ROLE_SHADOW,3.0129134915503535,2,2,True,ROLE_ALIGNED,True,-1.0129134915503535
2,2026_02_PHI_TEN,TEN,PHI,00-0038514,Truman Jones,DL,EDGE,ROLE_SHADOW,0.9464317569299917,1,1,True,ROLE_ALIGNED,True,0.05356824307000829
2,2026_02_MIA_SF,MIA,SF,00-0038521,Reese Taylor,DB,DB,ROLE_SHADOW,1.8186653034152074,0,0,False,ROLE_ALIGNED,True,-1.8186653034152074
2,2026_02_NO_BAL,NO,BAL,00-0038541,Tyree Wilson,LB,EDGE,ROLE_SHADOW,1.9377675003369599,0,0,False,ROLE_ALIGNED,True,-1.9377675003369599
2,2026_02_CIN_HOU,CIN,HOU,00-0038546,Myles Murphy,DL,EDGE,ROLE_SHADOW,2.987325215847533,1,1,True,ROLE_ALIGNED,True,-1.987325215847533
2,2026_02_CIN_HOU,CIN,HOU,00-0038549,DJ Turner II,DB,DB,ROLE_SHADOW,2.92354343396223,5,5,True,ROLE_ALIGNED,True,2.07645656603777
2,2026_02_JAX_DEN,DEN,JAX,00-0038552,Riley Moss,DB,DB,ROLE_SHADOW,4.165514483355618,2,2,True,REVIEW_BACKUP_CONFLICT,False,-2.1655144833556177
2,2026_02_LV_LAC,LAC,LV,00-0038553,Daiyan Henley,LB,LB,ROLE_SHADOW,6.013557562005319,3,3,True,ROLE_ALIGNED,True,-3.013557562005319
2,2026_02_MIA_SF,SF,MIA,00-0038554,Ji'Ayir Brown,DB,DB,ROLE_SHADOW,4.649252966784896,12,12,True,ROLE_ALIGNED,True,7.350747033215104
2,2026_02_WAS_DAL,DAL,WAS,00-0038556,DeMarvion Overshown,LB,LB,ROLE_SHADOW,5.327413771371702,0,0,False,STARTER_CONFLICT_REVIEW,True,-5.327413771371702
2,2026_02_DET_BUF,BUF,DET,00-0038557,Dorian Williams,LB,LB,ROLE_SHADOW,4.849444186388921,6,6,True,STARTER_CONFLICT_REVIEW,True,1.1505558136110787
2,2026_02_CIN_HOU,CIN,HOU,00-0038560,Jordan Battle,DB,DB,ROLE_SHADOW,5.727286544056341,8,8,True,ROLE_ALIGNED,True,2.2727134559436593
2,2026_02_CLE_TB,CLE,TB,00-0038565,Mekhi Blackmon,DB,DB,ROLE_SHADOW,2.196555177120404,2,2,True,ROLE_ALIGNED,True,-0.19655517712040416
2,2026_02_MIN_CHI,CHI,MIN,00-0038568,Clark Phillips III,DB,DB,ROLE_SHADOW,3.003819917587398,0,0,False,REVIEW_BACKUP_CONFLICT,False,-3.003819917587398
2,2026_02_JAX_DEN,JAX,DEN,00-0038570,Ventrell Miller,LB,LB,ROLE_SHADOW,4.1538703376407256,7,7,True,STARTER_CONFLICT_REVIEW,True,2.8461296623592744
2,2026_02_CLE_TB,CLE,TB,00-0038574,Isaiah McGuire,DL,EDGE,ROLE_SHADOW,2.039982061613661,4,4,True,STARTER_CONFLICT_REVIEW,True,1.960017938386339
2,2026_02_PIT_NE,PIT,NE,00-0038577,Nick Herbig,LB,LB,ROLE_SHADOW,2.226068372047642,6,7,True,ROLE_ALIGNED,True,3.773931627952358
2,2026_02_MIN_CHI,MIN,CHI,00-0038578,Jay Ward,DB,DB,ROLE_SHADOW,3.7930662854762542,0,0,False,REVIEW_BACKUP_CONFLICT,False,-3.7930662854762542
2,2026_02_CAR_ATL,ATL,CAR,00-0038580,Yasir Abdullah,LB,LB,ROLE_SHADOW,0.6325700686750251,1,1,True,ROLE_ALIGNED,True,0.3674299313249749
2,2026_02_NO_BAL,NO,BAL,00-0038588,Jordan Howden,DB,DB,ROLE_SHADOW,1.3272767306871667,0,0,False,ROLE_ALIGNED,True,-1.3272767306871667
2,2026_02_SEA_ARI,SEA,ARI,00-0038591,Mike Morris,DL,EDGE,ROLE_SHADOW,0.7724083529251315,0,0,False,ROLE_ALIGNED,True,-0.7724083529251315
2,2026_02_LV_LAC,LV,LAC,00-0038594,Darrell Luter Jr.,DB,DB,ROLE_SHADOW,3.527017513259872,0,0,False,REVIEW_BACKUP_CONFLICT,False,-3.527017513259872
2,2026_02_JAX_DEN,JAX,DEN,00-0038596,Antonio Johnson,DB,DB,ROLE_SHADOW,4.031024612675048,6,6,True,ROLE_ALIGNED,True,1.968975387324952
2,2026_02_PHI_TEN,TEN,PHI,00-0038600,Owen Pappoe,LB,LB,ROLE_SHADOW,2.36038068290544,0,0,False,ROLE_ALIGNED,True,-2.36038068290544
2,2026_02_MIA_SF,MIA,SF,00-0038603,Rob Beal Jr.,DL,EDGE,ROLE_SHADOW,1.2355389626290478,0,0,True,ROLE_ALIGNED,True,-1.2355389626290478
2,2026_02_JAX_DEN,DEN,JAX,00-0038605,JL Skinner,DB,DB,ROLE_SHADOW,0.9021663218240851,0,0,True,ROLE_ALIGNED,True,-0.9021663218240851
2,2026_02_JAX_DEN,JAX,DEN,00-0038616,Christian Braswell,DB,DB,ROLE_SHADOW,1.3516515996634086,0,0,False,ROLE_ALIGNED,True,-1.3516515996634086
2,2026_02_SEA_ARI,ARI,SEA,00-0038623,Dante Stills,DL,EDGE,ROLE_SHADOW,2.0981979604357965,7,7,True,STARTER_CONFLICT_REVIEW,True,4.9018020395642035
2,2026_02_WAS_DAL,DAL,WAS,00-0038624,Ameer Speed,DB,DB,ROLE_SHADOW,0.7743489629922877,0,0,True,ROLE_ALIGNED,True,-0.7743489629922877
2,2026_02_WAS_DAL,DAL,WAS,00-0038625,Dee Winters,LB,LB,ROLE_SHADOW,4.134689330753927,9,9,True,ROLE_ALIGNED,True,4.865310669246073
2,2026_02_CAR_ATL,ATL,CAR,00-0038628,DeMarcco Hellams,DB,DB,ROLE_SHADOW,1.6838017851577831,0,0,True,ROLE_ALIGNED,True,-1.6838017851577831
2,2026_02_CIN_HOU,CIN,HOU,00-0038642,D.J. Ivey,DB,DB,ROLE_SHADOW,1.3998664834252437,0,0,True,ROLE_ALIGNED,True,-1.3998664834252437
2,2026_02_PIT_NE,NE,PIT,00-0038653,Cory Durden,DL,DL,ROLE_SHADOW,2.729573753612771,2,2,True,STARTER_CONFLICT_REVIEW,True,-0.7295737536127711
2,2026_02_DET_BUF,DET,BUF,00-0038660,Trevor Nowaske,LB,EDGE,ROLE_SHADOW,0.8598994038148143,0,0,True,ROLE_ALIGNED,True,-0.8598994038148143
2,2026_02_SEA_ARI,SEA,ARI,00-0038694,Brandon Pili,DL,DL,ROLE_SHADOW,0.8058398069801295,0,0,False,ROLE_ALIGNED,True,-0.8058398069801295
2,2026_02_CLE_TB,CLE,TB,00-0038715,Ronnie Hickman Jr.,DB,DB,ROLE_SHADOW,5.5641833023793295,3,3,True,ROLE_ALIGNED,True,-2.5641833023793295
2,2026_02_WAS_DAL,DAL,WAS,00-0038742,Tyrus Wheat,LB,LB,ROLE_SHADOW,0.948031004651948,1,1,True,ROLE_ALIGNED,True,0.051968995348051994
2,2026_02_SEA_ARI,SEA,ARI,00-0038764,Patrick O'Connell,LB,LB,ROLE_SHADOW,1.0799232762978361,0,0,True,ROLE_ALIGNED,True,-1.0799232762978361
2,2026_02_SEA_ARI,SEA,ARI,00-0038765,Ty Okada,DB,DB,ROLE_SHADOW,4.365497927905298,0,0,False,ROLE_ALIGNED,True,-4.365497927905298
2,2026_02_MIN_CHI,MIN,CHI,00-0038778,Jalen Redmond,DL,EDGE,ROLE_SHADOW,3.6801409963613043,3,4,True,ROLE_ALIGNED,True,-0.6801409963613043
2,2026_02_SEA_ARI,ARI,SEA,00-0038782,Eku Leota,LB,EDGE,ROLE_SHADOW,1.1395024297757201,0,0,True,ROLE_ALIGNED,True,-1.1395024297757201
2,2026_02_CAR_ATL,CAR,ATL,00-0038791,Thomas Incoom,LB,LB,ROLE_SHADOW,0.6951690961970715,2,2,True,ROLE_ALIGNED,True,1.3048309038029284
2,2026_02_MIN_CHI,MIN,CHI,00-0038807,Ivan Pace Jr.,LB,LB,ROLE_SHADOW,1.876088212356066,2,3,True,ROLE_ALIGNED,True,0.12391178764393396
2,2026_02_DET_BUF,DET,BUF,00-0038820,Christian Izien,DB,DB,ROLE_SHADOW,3.3922172110551183,2,2,True,ROLE_ALIGNED,True,-1.3922172110551183
2,2026_02_SEA_ARI,SEA,ARI,00-0038866,AJ Finley,DB,DB,ROLE_SHADOW,0.9848051596279921,0,0,True,ROLE_ALIGNED,True,-0.9848051596279921
2,2026_02_SEA_ARI,SEA,ARI,00-0038922,Drake Thomas,LB,LB,ROLE_SHADOW,6.755009413100674,7,7,True,ROLE_ALIGNED,True,0.24499058689932607
2,2026_02_DET_BUF,DET,BUF,00-0038940,Tyler Lacy,DL,EDGE,ROLE_SHADOW,1.6983893624612858,2,2,True,ROLE_ALIGNED,True,0.3016106375387142
2,2026_02_PHI_TEN,PHI,TEN,00-0038978,Byron Young,DL,EDGE,ROLE_SHADOW,1.7888681857541815,0,0,True,ROLE_ALIGNED,True,-1.7888681857541815
2,2026_02_IND_KC,KC,IND,00-0038982,Chamarri Conner,DB,DB,ROLE_SHADOW,5.011266656082191,0,0,False,ROLE_ALIGNED,True,-5.011266656082191
2,2026_02_SEA_ARI,ARI,SEA,00-0038984,Kei'Trel Clark,DB,DB,ROLE_SHADOW,1.2326836251893474,1,1,True,ROLE_ALIGNED,True,-0.23268362518934738
2,2026_02_NYG_LA,NYG,LA,00-0038986,Nic Jones,DB,DB,ROLE_SHADOW,1.1230433660864818,1,1,True,ROLE_ALIGNED,True,-0.12304336608648181
2,2026_02_NYG_LA,NYG,LA,00-0039000,Deonte Banks,DB,DB,ROLE_SHADOW,3.36290315176741,0,0,False,ROLE_ALIGNED,True,-3.36290315176741
2,2026_02_CAR_ATL,ATL,CAR,00-0039002,Sydney Brown,DB,DB,ROLE_SHADOW,3.093297610329454,1,1,True,ROLE_ALIGNED,True,-2.093297610329454
2,2026_02_IND_KC,KC,IND,00-0039006,Felix Anudike-Uzomah,DL,EDGE,ROLE_SHADOW,1.8746525320803047,0,0,True,STARTER_CONFLICT_REVIEW,True,-1.8746525320803047
2,2026_02_SEA_ARI,ARI,SEA,00-0039007,Garrett Williams,DB,DB,ROLE_SHADOW,2.8763573912132805,0,0,False,ROLE_ALIGNED,True,-2.8763573912132805
2,2026_02_PHI_TEN,PHI,TEN,00-0039013,Nolan Smith,LB,LB,ROLE_SHADOW,3.0530961593383186,3,3,True,STARTER_CONFLICT_REVIEW,True,-0.05309615933831857
2,2026_02_DET_BUF,DET,BUF,00-0039018,Jack Campbell,LB,LB,ROLE_SHADOW,9.130108001832756,6,6,True,ROLE_ALIGNED,True,-3.130108001832756
2,2026_02_IND_KC,IND,KC,00-0039031,Adetomiwa Adebawore,DL,DL,ROLE_SHADOW,1.5502605001697207,0,0,True,ROLE_ALIGNED,True,-1.5502605001697207
2,2026_02_SEA_ARI,SEA,ARI,00-0039047,Derick Hall,LB,LB,ROLE_SHADOW,2.5468520178020166,1,1,True,ROLE_ALIGNED,True,-1.5468520178020166
2,2026_02_CLE_TB,TB,CLE,00-0039049,SirVocea Dennis,LB,LB,ROLE_SHADOW,3.2978480785418873,1,1,True,ROLE_ALIGNED,True,-2.2978480785418873
2,2026_02_NYG_LA,LA,NYG,00-0039061,Desjuan Johnson,LB,LB,ROLE_SHADOW,2.822219216083665,1,1,True,STARTER_CONFLICT_REVIEW,True,-1.8222192160836652
2,2026_02_CLE_TB,TB,CLE,00-0039063,Calijah Kancey,DL,EDGE,ROLE_SHADOW,1.5812978843968652,1,1,True,STARTER_CONFLICT_REVIEW,True,-0.5812978843968652
2,2026_02_CLE_TB,TB,CLE,00-0039068,Yaya Diaby,LB,LB,ROLE_SHADOW,3.3814112684775934,3,3,True,ROLE_ALIGNED,True,-0.38141126847759343
2,2026_02_CAR_ATL,ATL,CAR,00-0039070,Gervon Dexter Sr.,DL,DL,ROLE_SHADOW,2.6362062658650873,2,2,True,STARTER_CONFLICT_REVIEW,True,-0.6362062658650873
2,2026_02_MIN_CHI,CHI,MIN,00-0039071,Tyrique Stevenson,DB,DB,ROLE_SHADOW,4.061516003601015,5,5,True,STARTER_CONFLICT_REVIEW,True,0.9384839963989853
2,2026_02_CIN_HOU,HOU,CIN,00-0039108,Will Anderson Jr.,DL,EDGE,ROLE_SHADOW,3.274978897064991,8,8,True,ROLE_ALIGNED,True,4.725021102935009
2,2026_02_PIT_NE,PIT,NE,00-0039110,Keeanu Benton,DL,DL,ROLE_SHADOW,3.0051101721236186,3,3,True,STARTER_CONFLICT_REVIEW,True,-0.005110172123618639
2,2026_02_LV_LAC,LAC,LV,00-0039111,Tuli Tuipulotu,LB,LB,ROLE_SHADOW,3.665357800444238,1,1,True,ROLE_ALIGNED,True,-2.665357800444238
2,2026_02_GB_NYJ,GB,NYJ,00-0039112,Lukas Van Ness,LB,LB,ROLE_SHADOW,3.209490329438531,9,9,True,STARTER_CONFLICT_REVIEW,True,5.79050967056147
2,2026_02_NYG_LA,LA,NYG,00-0039137,Byron Young,LB,LB,ROLE_SHADOW,4.497945557518348,5,5,True,ROLE_ALIGNED,True,0.5020544424816524
2,2026_02_NYG_LA,LA,NYG,00-0039138,Kobie Turner,DL,EDGE,ROLE_SHADOW,3.625622074790366,4,4,True,STARTER_CONFLICT_REVIEW,True,0.3743779252096342
2,2026_02_PHI_TEN,PHI,TEN,00-0039140,Kelee Ringo,DB,DB,ROLE_SHADOW,2.814426667789249,0,0,False,ROLE_ALIGNED,True,-2.814426667789249
2,2026_02_GB_NYJ,NYJ,GB,00-0039142,Will McDonald IV,LB,EDGE,ROLE_SHADOW,1.8684719581126998,0,0,True,STARTER_CONFLICT_REVIEW,True,-1.8684719581126998
2,2026_02_PIT_NE,NE,PIT,00-0039147,Christian Gonzalez,DB,DB,ROLE_SHADOW,4.51076847735572,4,4,True,ROLE_ALIGNED,True,-0.51076847735572
2,2026_02_MIA_SF,SF,MIA,00-0039148,Keion White,DL,EDGE,ROLE_SHADOW,1.796634821624053,2,2,True,STARTER_CONFLICT_REVIEW,True,0.20336517837594692
2,2026_02_WAS_DAL,WAS,DAL,00-0039149,Quan Martin,DB,DB,ROLE_SHADOW,2.6322383160291705,2,2,True,ROLE_ALIGNED,True,-0.6322383160291705
2,2026_02_NYG_LA,LA,NYG,00-0039151,Emmanuel Forbes,DB,DB,ROLE_SHADOW,3.0420777012939513,0,0,True,REVIEW_BACKUP_CONFLICT,False,-3.0420777012939513
2,2026_02_MIA_SF,MIA,SF,00-0039156,Julius Brents,DB,DB,ROLE_SHADOW,3.1668260131685138,2,2,True,STARTER_CONFLICT_REVIEW,True,-1.1668260131685138
2,2026_02_PIT_NE,PIT,NE,00-0039167,Joey Porter Jr.,DB,DB,ROLE_SHADOW,4.175722437821907,0,0,False,ROLE_ALIGNED,True,-4.175722437821907
2,2026_02_SEA_ARI,SEA,ARI,00-0039169,Devon Witherspoon,DB,DB,ROLE_SHADOW,5.552492245711131,8,8,True,ROLE_ALIGNED,True,2.4475077542888686
2,2026_02_NYG_LA,NYG,LA,00-0039176,Basil Okoye,DL,DL,ROLE_SHADOW,0.6512468960579784,1,1,False,ROLE_ALIGNED,True,0.34875310394202164
2,2026_02_IND_KC,IND,KC,00-0039178,Austin Ajiake,LB,LB,ROLE_SHADOW,0.8343749507389742,0,0,False,ROLE_ALIGNED,True,-0.8343749507389742
2,2026_02_NO_BAL,BAL,NO,00-0039232,Nate Wiggins,DB,DB,ROLE_SHADOW,4.921927986266715,6,6,True,ROLE_ALIGNED,True,1.0780720137332853
2,2026_02_NO_BAL,BAL,NO,00-0039234,T.J. Tampa,DB,DB,ROLE_SHADOW,0.8208612240794888,0,0,False,ROLE_ALIGNED,True,-0.8208612240794888
2,2026_02_GB_NYJ,NYJ,GB,00-0039284,Braiden McGregor,LB,EDGE,ROLE_SHADOW,1.5372055469510355,1,1,True,ROLE_ALIGNED,True,-0.5372055469510355
2,2026_02_PIT_NE,NE,PIT,00-0039289,Leonard Taylor III,DL,EDGE,ROLE_SHADOW,1.2846847173224327,0,0,False,ROLE_ALIGNED,True,-1.2846847173224327
2,2026_02_SEA_ARI,SEA,ARI,00-0039309,Byron Murphy II,DL,DL,ROLE_SHADOW,2.828829540101036,2,2,True,ROLE_ALIGNED,True,-0.8288295401010362
2,2026_02_CIN_HOU,CIN,HOU,00-0039313,Swayze Bozeman,LB,LB,ROLE_SHADOW,1.8001371885210489,0,0,False,ROLE_ALIGNED,True,-1.8001371885210489
2,2026_02_IND_KC,KC,IND,00-0039324,Christian Roland-Wallace,DB,DB,ROLE_SHADOW,1.975301905403742,1,1,True,ROLE_ALIGNED,True,-0.975301905403742
2,2026_02_IND_KC,IND,KC,00-0039340,Laiatu Latu,DL,EDGE,ROLE_SHADOW,2.913749084585002,4,4,True,ROLE_ALIGNED,True,1.0862509154149982
2,2026_02_CIN_HOU,HOU,CIN,00-0039343,Kamari Lassiter,DB,DB,ROLE_SHADOW,5.030203871091814,5,5,True,ROLE_ALIGNED,True,-0.030203871091813994
2,2026_02_MIA_SF,SF,MIA,00-0039345,Renardo Green,DB,DB,ROLE_SHADOW,4.2870044750953635,2,2,True,ROLE_ALIGNED,True,-2.2870044750953635
2,2026_02_GB_NYJ,NYJ,GB,00-0039347,Trevin Wallace,LB,LB,ROLE_SHADOW,5.220694580653706,0,0,False,REVIEW_BACKUP_CONFLICT,False,-5.220694580653706
2,2026_02_JAX_DEN,JAX,DEN,00-0039353,Jarrian Jones,DB,DB,ROLE_SHADOW,3.0364497837872904,2,2,True,REVIEW_BACKUP_CONFLICT,False,-1.0364497837872904
2,2026_02_NO_BAL,NO,BAL,00-0039357,Decamerion Richardson,DB,DB,ROLE_SHADOW,2.7472111572740046,0,0,False,ROLE_ALIGNED,True,-2.7472111572740046
2,2026_02_MIA_SF,SF,MIA,00-0039360,Malik Mustapha,DB,DB,ROLE_SHADOW,3.662648204588906,0,0,True,STARTER_CONFLICT_REVIEW,True,-3.662648204588906
2,2026_02_LV_LAC,LAC,LV,00-0039366,Tarheeb Still,DB,DB,ROLE_SHADOW,3.545205088894256,2,2,True,ROLE_ALIGNED,True,-1.5452050888942561
2,2026_02_WAS_DAL,WAS,DAL,00-0039368,Jordan Magee,LB,LB,ROLE_SHADOW,2.6975873352707724,0,0,False,ROLE_ALIGNED,True,-2.6975873352707724
2,2026_02_LV_LAC,LAC,LV,00-0039369,Cam Hart,DB,DB,ROLE_SHADOW,3.653398153901092,4,4,True,ROLE_ALIGNED,True,0.346601846098908
2,2026_02_JAX_DEN,DEN,JAX,00-0039371,Kris Abrams-Draine,DB,DB,ROLE_SHADOW,1.8011207474549742,0,0,False,ROLE_ALIGNED,True,-1.8011207474549742
2,2026_02_GB_NYJ,NYJ,GB,00-0039372,Jarvis Brownlee Jr.,DB,DB,ROLE_SHADOW,4.794765706958357,2,2,True,ROLE_ALIGNED,True,-2.7947657069583567
2,2026_02_LV_LAC,LV,LAC,00-0039374,Tommy Eichenberg,LB,LB,ROLE_SHADOW,1.8130426028241722,2,2,True,ROLE_ALIGNED,True,0.18695739717582782
2,2026_02_CIN_HOU,CIN,HOU,00-0039375,Josh Newton,DB,DB,ROLE_SHADOW,1.5581851512057265,0,0,False,ROLE_ALIGNED,True,-1.5581851512057265
2,2026_02_IND_KC,IND,KC,00-0039377,Jaylon Carlies,LB,LB,ROLE_SHADOW,3.964043305233403,6,6,True,STARTER_CONFLICT_REVIEW,True,2.035956694766597
2,2026_02_CAR_ATL,CAR,ATL,00-0039380,Chau Smith-Wade,DB,DB,ROLE_SHADOW,3.1295971323669414,0,0,False,STARTER_CONFLICT_REVIEW,True,-3.1295971323669414
2,2026_02_WAS_DAL,DAL,WAS,00-0039387,Caelen Carson,DB,DB,ROLE_SHADOW,3.7928226263569815,0,0,False,REVIEW_BACKUP_CONFLICT,False,-3.7928226263569815
2,2026_02_MIA_SF,MIA,SF,00-0039390,Marcellas Dial Jr.,DB,DB,ROLE_SHADOW,2.7401700560816273,0,0,False,ROLE_ALIGNED,True,-2.7401700560816273
2,2026_02_DET_BUF,DET,BUF,00-0039396,Mekhi Wingo,DL,DL,ROLE_SHADOW,1.7973876980559396,0,0,False,ROLE_ALIGNED,True,-1.7973876980559396
2,2026_02_NO_BAL,NO,BAL,00-0039401,Khristian Boyd,DL,DL,ROLE_SHADOW,1.3523590294100005,0,0,True,ROLE_ALIGNED,True,-1.3523590294100005
2,2026_02_CIN_HOU,HOU,CIN,00-0039402,Jaden Crumedy,DL,DL,ROLE_SHADOW,1.5122070551269309,0,0,True,ROLE_ALIGNED,True,-1.5122070551269309
2,2026_02_WAS_DAL,WAS,DAL,00-0039412,Javontae Jean-Baptiste,LB,LB,ROLE_SHADOW,1.4598954657302998,2,2,True,ROLE_ALIGNED,True,0.5401045342697002
2,2026_02_CLE_TB,CLE,TB,00-0039417,Myles Harden,DB,DB,ROLE_SHADOW,2.8200024392515486,5,5,True,STARTER_CONFLICT_REVIEW,True,2.1799975607484514
2,2026_02_MIN_CHI,MIN,CHI,00-0039421,Levi Drake Rodriguez,DL,EDGE,ROLE_SHADOW,2.515378972361563,2,2,True,STARTER_CONFLICT_REVIEW,True,-0.5153789723615629
2,2026_02_LV_LAC,LV,LAC,00-0039423,Jonah Laulu,DL,EDGE,ROLE_SHADOW,2.2930032656696535,1,1,True,STARTER_CONFLICT_REVIEW,True,-1.2930032656696535
2,2026_02_PHI_TEN,TEN,PHI,00-0039430,James Williams,LB,LB,ROLE_SHADOW,3.808690132875642,0,0,False,STARTER_CONFLICT_REVIEW,True,-3.808690132875642
2,2026_02_GB_NYJ,NYJ,GB,00-0039431,Jowon Briggs,DL,DL,ROLE_SHADOW,1.898891267638048,4,4,True,ROLE_ALIGNED,True,2.101108732361952
2,2026_02_MIA_SF,SF,MIA,00-0039435,Tatum Bethune,LB,LB,ROLE_SHADOW,7.228270793724376,0,0,False,REVIEW_BACKUP_CONFLICT,False,-7.228270793724376
2,2026_02_MIN_CHI,CHI,MIN,00-0039461,Jamree Kromah,DL,EDGE,ROLE_SHADOW,0.644876308778757,0,0,False,ROLE_ALIGNED,True,-0.644876308778757
2,2026_02_CLE_TB,CLE,TB,00-0039515,Winston Reid,LB,LB,ROLE_SHADOW,1.2731429853157337,0,0,False,ROLE_ALIGNED,True,-1.2731429853157337
2,2026_02_MIA_SF,MIA,SF,00-0039532,Julius Wood,DB,DB,ROLE_SHADOW,0.6589428288156326,1,1,True,ROLE_ALIGNED,True,0.3410571711843674
2,2026_02_NO_BAL,NO,BAL,00-0039622,Isaiah Stalbird,LB,LB,ROLE_SHADOW,1.0061776125655846,0,0,False,ROLE_ALIGNED,True,-1.0061776125655846
2,2026_02_CIN_HOU,CIN,HOU,00-0039632,PJ Jules,DB,DB,ROLE_SHADOW,1.2431555537327272,0,0,False,ROLE_ALIGNED,True,-1.2431555537327272
2,2026_02_DET_BUF,DET,BUF,00-0039660,Thomas Harper,DB,DB,ROLE_SHADOW,3.194909133173426,2,2,True,ROLE_ALIGNED,True,-1.194909133173426
2,2026_02_WAS_DAL,WAS,DAL,00-0039681,Tyler Owens,DB,DB,ROLE_SHADOW,0.9144755956363954,0,0,False,ROLE_ALIGNED,True,-0.9144755956363954
2,2026_02_PIT_NE,NE,PIT,00-0039692,Dell Pettus,DB,DB,ROLE_SHADOW,1.8122982279682625,0,0,False,ROLE_ALIGNED,True,-1.8122982279682625
2,2026_02_MIN_CHI,MIN,CHI,00-0039718,Bo Richter,LB,LB,ROLE_SHADOW,1.0031247004662056,0,0,False,ROLE_ALIGNED,True,-1.0031247004662056
2,2026_02_NO_BAL,NO,BAL,00-0039725,Jayden Price,DB,DB,ROLE_SHADOW,1.6199183571711055,0,0,False,ROLE_ALIGNED,True,-1.6199183571711055
2,2026_02_JAX_DEN,JAX,DEN,00-0039733,Ruke Orhorhoro,DL,DL,ROLE_SHADOW,1.1271572442723323,0,0,True,ROLE_ALIGNED,True,-1.1271572442723323
2,2026_02_NYG_LA,LA,NYG,00-0039734,Braden Fiske,DL,EDGE,ROLE_SHADOW,1.9841579658603377,0,0,True,ROLE_ALIGNED,True,-1.9841579658603377
2,2026_02_PHI_TEN,PHI,TEN,00-0039740,Jalyx Hunt,LB,LB,ROLE_SHADOW,3.6175708450483097,5,5,True,ROLE_ALIGNED,True,1.3824291549516903
2,2026_02_PIT_NE,PIT,NE,00-0039741,Payton Wilson,LB,LB,ROLE_SHADOW,6.466394774461443,5,5,True,ROLE_ALIGNED,True,-1.4663947744614427
2,2026_02_NYG_LA,LA,NYG,00-0039749,Tyler Davis,DL,EDGE,ROLE_SHADOW,2.572891775800777,0,0,True,ROLE_ALIGNED,True,-2.572891775800777
2,2026_02_CIN_HOU,CIN,HOU,00-0039752,Cedric Johnson,DL,EDGE,ROLE_SHADOW,1.2499993115833263,3,3,True,ROLE_ALIGNED,True,1.7500006884166737
2,2026_02_DET_BUF,BUF,DET,00-0039763,Joe Andreessen,LB,LB,ROLE_SHADOW,4.307759681213468,0,0,False,ROLE_ALIGNED,True,-4.307759681213468
2,2026_02_PIT_NE,NE,PIT,00-0039770,Charles Woods,DB,DB,ROLE_SHADOW,0.9200752555286583,10,10,True,ROLE_ALIGNED,True,9.079924744471342
2,2026_02_NYG_LA,LA,NYG,00-0039772,Josh Wallace,DB,DB,ROLE_SHADOW,1.5895348874651902,2,2,True,ROLE_ALIGNED,True,0.4104651125348098
2,2026_02_NYG_LA,LA,NYG,00-0039774,Omar Speights,LB,LB,ROLE_SHADOW,4.564428283539632,3,3,True,STARTER_CONFLICT_REVIEW,True,-1.5644282835396321
2,2026_02_NYG_LA,LA,NYG,00-0039776,Jaylen McCollough,DB,DB,ROLE_SHADOW,3.4395788164793935,1,1,True,ROLE_ALIGNED,True,-2.4395788164793935
2,2026_02_GB_NYJ,NYJ,GB,00-0039789,Qwan'tez Stiggers,DB,DB,ROLE_SHADOW,3.3874470249372632,0,0,False,REVIEW_BACKUP_CONFLICT,False,-3.3874470249372632
2,2026_02_SEA_ARI,SEA,ARI,00-0039795,Nehemiah Pritchett,DB,DB,ROLE_SHADOW,2.2303184242454677,1,1,True,ROLE_ALIGNED,True,-1.2303184242454677
2,2026_02_SEA_ARI,ARI,SEA,00-0039807,Max Melton,DB,DB,ROLE_SHADOW,2.047551006380944,3,3,True,ROLE_ALIGNED,True,0.9524489936190559
2,2026_02_JAX_DEN,DEN,JAX,00-0039809,Jonah Elliss,LB,LB,ROLE_SHADOW,2.7585429170007583,3,3,True,STARTER_CONFLICT_REVIEW,True,0.24145708299924173
2,2026_02_GB_NYJ,GB,NYJ,00-0039812,Ty'Ron Hopper,LB,LB,ROLE_SHADOW,3.478130518218749,0,0,False,ROLE_ALIGNED,True,-3.478130518218749
2,2026_02_GB_NYJ,GB,NYJ,00-0039813,Evan Williams,DB,DB,ROLE_SHADOW,5.211923731505108,8,8,True,ROLE_ALIGNED,True,2.7880762684948923
2,2026_02_SEA_ARI,SEA,ARI,00-0039815,Tyrice Knight,LB,LB,ROLE_SHADOW,1.965511290514828,0,0,True,ROLE_ALIGNED,True,-1.965511290514828
2,2026_02_GB_NYJ,GB,NYJ,00-0039818,Kitan Oladapo,DB,DB,ROLE_SHADOW,2.731372148570331,0,0,False,ROLE_ALIGNED,True,-2.731372148570331
2,2026_02_NYG_LA,NYG,LA,00-0039821,Andru Phillips,DB,DB,ROLE_SHADOW,3.8527676222980958,1,1,True,ROLE_ALIGNED,True,-2.8527676222980958
2,2026_02_IND_KC,KC,IND,00-0039825,Jaden Hicks,DB,DB,ROLE_SHADOW,3.521757457909897,10,10,True,REVIEW_BACKUP_CONFLICT,False,6.478242542090102
2,2026_02_PHI_TEN,PHI,TEN,00-0039826,Jeremiah Trotter Jr.,LB,LB,ROLE_SHADOW,4.731014833891694,0,0,False,ROLE_ALIGNED,True,-4.731014833891694
2,2026_02_PIT_NE,NE,PIT,00-0039829,Darius Muasau,LB,LB,ROLE_SHADOW,3.3502063321871405,0,0,False,ROLE_ALIGNED,True,-3.3502063321871405
2,2026_02_GB_NYJ,GB,NYJ,00-0039831,Kamal Hadden,DB,DB,ROLE_SHADOW,1.794856116584708,0,0,False,ROLE_ALIGNED,True,-1.794856116584708
2,2026_02_NYG_LA,LA,NYG,00-0039834,Kamren Kinchens,DB,DB,ROLE_SHADOW,5.138582108687635,0,0,False,ROLE_ALIGNED,True,-5.138582108687635
2,2026_02_LV_LAC,LAC,LV,00-0039835,Justin Eboigbe,DL,EDGE,ROLE_SHADOW,2.2421232152948014,4,4,True,ROLE_ALIGNED,True,1.7578767847051986
2,2026_02_CIN_HOU,HOU,CIN,00-0039838,Calen Bullock,DB,DB,ROLE_SHADOW,5.019796958666386,0,0,True,ROLE_ALIGNED,True,-5.019796958666386
2,2026_02_MIN_CHI,CHI,MIN,00-0039840,Austin Booker,DL,EDGE,ROLE_SHADOW,2.8592536307752794,1,1,True,REVIEW_BACKUP_CONFLICT,False,-1.8592536307752794
2,2026_02_PHI_TEN,PHI,TEN,00-0039841,Cooper DeJean,DB,DB,ROLE_SHADOW,4.496436453146882,5,5,True,REVIEW_BACKUP_CONFLICT,False,0.5035635468531181
2,2026_02_CLE_TB,TB,CLE,00-0039846,Tykee Smith,DB,DB,ROLE_SHADOW,4.352285411814368,5,5,True,ROLE_ALIGNED,True,0.6477145881856323
2,2026_02_GB_NYJ,GB,NYJ,00-0039850,Edgerrin Cooper,LB,LB,ROLE_SHADOW,6.652986690841316,8,8,True,ROLE_ALIGNED,True,1.347013309158684
2,2026_02_CLE_TB,CLE,TB,00-0039852,Jared Verse,DL,EDGE,ROLE_SHADOW,3.100413825540746,1,1,True,STARTER_CONFLICT_REVIEW,True,-2.100413825540746
2,2026_02_SEA_ARI,ARI,SEA,00-0039854,Darius Robinson,DL,EDGE,ROLE_SHADOW,2.632217061030613,6,6,True,ROLE_ALIGNED,True,3.367782938969387
2,2026_02_PHI_TEN,TEN,PHI,00-0039858,Cedric Gray,LB,LB,ROLE_SHADOW,9.767274830094435,4,4,True,ROLE_ALIGNED,True,-5.7672748300944345
2,2026_02_CAR_ATL,ATL,CAR,00-0039859,Brandon Dorlus,DL,EDGE,ROLE_SHADOW,1.8080598537177957,1,1,True,STARTER_CONFLICT_REVIEW,True,-0.8080598537177957
2,2026_02_NO_BAL,NO,BAL,00-0039860,Kool-Aid McKinstry,DB,DB,ROLE_SHADOW,4.438317019129927,3,3,True,ROLE_ALIGNED,True,-1.4383170191299266
2,2026_02_NYG_LA,NYG,LA,00-0039861,Tyler Nubin,DB,DB,ROLE_SHADOW,5.598468990065102,8,8,True,ROLE_ALIGNED,True,2.4015310099348977
2,2026_02_DET_BUF,DET,BUF,00-0039862,Ennis Rakestraw Jr.,DB,DB,ROLE_SHADOW,0.978360230908443,0,0,False,ROLE_ALIGNED,True,-0.978360230908443
2,2026_02_SEA_ARI,ARI,SEA,00-0039864,Dadrion Taylor-Demerson,DB,DB,ROLE_SHADOW,3.8719756370311194,0,0,True,ROLE_ALIGNED,True,-3.8719756370311194
2,2026_02_GB_NYJ,GB,NYJ,00-0039867,Javon Bullard,DB,DB,ROLE_SHADOW,3.4824261653835804,7,7,True,STARTER_CONFLICT_REVIEW,True,3.5175738346164196
2,2026_02_DET_BUF,BUF,DET,00-0039872,Cole Bishop,DB,DB,ROLE_SHADOW,4.73853995948621,6,6,True,ROLE_ALIGNED,True,1.2614600405137901
2,2026_02_DET_BUF,BUF,DET,00-0039873,DeWayne Carter,DL,EDGE,ROLE_SHADOW,1.4551725664567672,1,1,True,ROLE_ALIGNED,True,-0.4551725664567672
2,2026_02_DET_BUF,BUF,DET,00-0039879,Javon Solomon,LB,LB,ROLE_SHADOW,1.3078561892362992,0,0,True,ROLE_ALIGNED,True,-1.3078561892362992
2,2026_02_GB_NYJ,NYJ,GB,00-0039886,T'Vondre Sweat,DL,DL,ROLE_SHADOW,2.579358199171842,4,4,True,STARTER_CONFLICT_REVIEW,True,1.4206418008281578
2,2026_02_PHI_TEN,PHI,TEN,00-0039888,Quinyon Mitchell,DB,DB,ROLE_SHADOW,2.8291664002641634,6,6,True,ROLE_ALIGNED,True,3.1708335997358366
2,2026_02_CAR_ATL,ATL,CAR,00-0039889,Maason Smith,DL,DL,ROLE_SHADOW,1.7394776137480084,3,3,True,ROLE_ALIGNED,True,1.2605223862519916
2,2026_02_CLE_TB,CLE,TB,00-0039895,Mike Hall Jr.,DL,DL,ROLE_SHADOW,1.608593883199462,0,0,True,ROLE_ALIGNED,True,-1.608593883199462
2,2026_02_WAS_DAL,WAS,DAL,00-0039898,Mike Sainristil,DB,DB,ROLE_SHADOW,4.698027736473359,4,4,True,ROLE_ALIGNED,True,-0.6980277364733594
2,2026_02_CIN_HOU,CIN,HOU,00-0039908,Kris Jenkins,DL,DL,ROLE_SHADOW,1.4522638270996355,1,1,True,ROLE_ALIGNED,True,-0.45226382709963553
2,2026_02_MIA_SF,MIA,SF,00-0039911,Chop Robinson,LB,EDGE,ROLE_SHADOW,2.6625293816225026,0,0,False,STARTER_CONFLICT_REVIEW,True,-2.6625293816225026
2,2026_02_MIN_CHI,MIN,CHI,00-0039924,Dallas Turner,LB,LB,ROLE_SHADOW,4.379877039911066,5,5,True,ROLE_ALIGNED,True,0.620122960088934
2,2026_02_WAS_DAL,DAL,WAS,00-0040008,Shavon Revel Jr.,DB,DB,ROLE_SHADOW,3.2793734682529814,3,3,True,ROLE_ALIGNED,True,-0.27937346825298137
2,2026_02_GB_NYJ,GB,NYJ,00-0040010,Barryn Sorrell,LB,EDGE,ROLE_SHADOW,2.8296325976712096,5,5,True,STARTER_CONFLICT_REVIEW,True,2.1703674023287904
2,2026_02_WAS_DAL,DAL,WAS,00-0040011,Shemar James,LB,LB,ROLE_SHADOW,2.8187947754383695,3,3,True,ROLE_ALIGNED,True,0.18120522456163046
2,2026_02_PHI_TEN,PHI,TEN,00-0040013,Smael Mondon Jr.,LB,LB,ROLE_SHADOW,1.0037285541556027,0,0,False,ROLE_ALIGNED,True,-1.0037285541556027
2,2026_02_GB_NYJ,GB,NYJ,00-0040016,Warren Brinson,DL,EDGE,ROLE_SHADOW,1.707125254236901,0,0,False,ROLE_ALIGNED,True,-1.707125254236901
2,2026_02_PHI_TEN,TEN,PHI,00-0040020,Micah Robinson,DB,DB,ROLE_SHADOW,3.6515162801516903,8,8,True,REVIEW_BACKUP_CONFLICT,False,4.34848371984831
2,2026_02_PHI_TEN,TEN,PHI,00-0040041,Nazir Stackhouse,DL,DL,ROLE_SHADOW,1.242752148078329,1,1,True,ROLE_ALIGNED,True,-0.242752148078329
2,2026_02_WAS_DAL,DAL,WAS,00-0040045,Alijah Clark,DB,DB,ROLE_SHADOW,1.052225564554635,0,0,False,ROLE_ALIGNED,True,-1.052225564554635
2,2026_02_CAR_ATL,ATL,CAR,00-0040056,Jared Ivey,DL,EDGE,ROLE_SHADOW,1.527792894264449,0,0,True,ROLE_ALIGNED,True,-1.527792894264449
2,2026_02_SEA_ARI,SEA,ARI,00-0040061,Connor O'Toole,LB,LB,ROLE_SHADOW,0.7583876915788357,0,0,False,ROLE_ALIGNED,True,-0.7583876915788357
2,2026_02_MIA_SF,MIA,SF,00-0040066,Jackson Woodard,LB,LB,ROLE_SHADOW,0.7719997418392428,1,1,True,ROLE_ALIGNED,True,0.2280002581607572
2,2026_02_NO_BAL,BAL,NO,00-0040069,Teddye Buchanan,LB,LB,ROLE_SHADOW,3.726005997448215,0,0,False,STARTER_CONFLICT_REVIEW,True,-3.726005997448215
2,2026_02_PHI_TEN,PHI,TEN,00-0040071,Mac McWilliams,DB,DB,ROLE_SHADOW,1.3108397785614452,0,0,False,ROLE_ALIGNED,True,-1.3108397785614452
2,2026_02_IND_KC,KC,IND,00-0040072,Jeffrey Bassa,LB,LB,ROLE_SHADOW,1.6215770307313333,0,0,True,STARTER_CONFLICT_REVIEW,True,-1.6215770307313333
2,2026_02_NO_BAL,BAL,NO,00-0040076,Aeneas Peebles,DL,EDGE,ROLE_SHADOW,0.7145684330387528,0,0,True,ROLE_ALIGNED,True,-0.7145684330387528
2,2026_02_CLE_TB,TB,CLE,00-0040089,Kevin Knowles,DB,DB,ROLE_SHADOW,1.1761573744186127,0,0,False,ROLE_ALIGNED,True,-1.1761573744186127
2,2026_02_NO_BAL,BAL,NO,00-0040100,Jay Higgins,LB,LB,ROLE_SHADOW,1.034281452409351,0,0,False,ROLE_ALIGNED,True,-1.034281452409351
2,2026_02_NO_BAL,BAL,NO,00-0040104,Keondre Jackson,DB,DB,ROLE_SHADOW,1.8165728598008264,0,0,True,ROLE_ALIGNED,True,-1.8165728598008264
2,2026_02_IND_KC,KC,IND,00-0040118,Cooper McDonald,LB,EDGE,ROLE_SHADOW,2.073141346467375,0,0,False,ROLE_ALIGNED,True,-2.073141346467375
2,2026_02_DET_BUF,BUF,DET,00-0040132,Landon Jackson,DL,EDGE,ROLE_SHADOW,0.9653555572932992,2,2,True,ROLE_ALIGNED,True,1.0346444427067008
2,2026_02_GB_NYJ,NYJ,GB,00-0040133,Azareye'h Thomas,DB,DB,ROLE_SHADOW,3.7486919368849474,2,2,True,REVIEW_BACKUP_CONFLICT,False,-1.7486919368849474
2,2026_02_CAR_ATL,CAR,ATL,00-0040136,Princely Umanmielen,LB,LB,ROLE_SHADOW,2.3666000230739175,2,2,True,ROLE_ALIGNED,True,-0.3666000230739175
2,2026_02_SEA_ARI,ARI,SEA,00-0040137,Jordan Burch,LB,EDGE,ROLE_SHADOW,1.9044518663568708,3,3,True,ROLE_ALIGNED,True,1.0955481336431292
2,2026_02_IND_KC,IND,KC,00-0040139,Justin Walley,DB,DB,ROLE_SHADOW,3.685794021777834,5,5,True,STARTER_CONFLICT_REVIEW,True,1.3142059782221658
2,2026_02_PHI_TEN,TEN,PHI,00-0040141,Kevin Winston Jr.,DB,DB,ROLE_SHADOW,5.533380563409743,8,8,True,ROLE_ALIGNED,True,2.466619436590257
2,2026_02_CLE_TB,TB,CLE,00-0040143,Jacob Parrish,DB,DB,ROLE_SHADOW,3.069103450162477,0,0,False,STARTER_CONFLICT_REVIEW,True,-3.069103450162477
2,2026_02_LV_LAC,LAC,LV,00-0040144,Jamaree Caldwell,DL,EDGE,ROLE_SHADOW,2.55221660609959,2,2,True,STARTER_CONFLICT_REVIEW,True,-0.5522166060995901
2,2026_02_JAX_DEN,JAX,DEN,00-0040145,Caleb Ransaw,DB,DB,ROLE_SHADOW,3.733988307513363,0,0,True,REVIEW_BACKUP_CONFLICT,False,-3.733988307513363
2,2026_02_CAR_ATL,ATL,CAR,00-0040148,Xavier Watts,DB,DB,ROLE_SHADOW,4.848709768480762,6,6,True,ROLE_ALIGNED,True,1.151290231519238
2,2026_02_CIN_HOU,HOU,CIN,00-0040149,Jaylin Smith,DB,DB,ROLE_SHADOW,1.1671777097639233,1,1,True,ROLE_ALIGNED,True,-0.16717770976392332
2,2026_02_MIA_SF,SF,MIA,00-0040152,Upton Stout,DB,DB,ROLE_SHADOW,4.472236551734895,5,5,True,STARTER_CONFLICT_REVIEW,True,0.5277634482651052
2,2026_02_JAX_DEN,DEN,JAX,00-0040153,Sai'vion Jones,DL,DL,ROLE_SHADOW,0.8067490213246344,0,0,True,ROLE_ALIGNED,True,-0.8067490213246344
2,2026_02_NO_BAL,NO,BAL,00-0040155,Danny Stutsman,LB,LB,ROLE_SHADOW,3.5028148321044825,1,1,True,ROLE_ALIGNED,True,-2.5028148321044825
2,2026_02_CAR_ATL,ATL,CAR,00-0040156,Billy Bowman Jr.,DB,DB,ROLE_SHADOW,4.256820863155591,0,0,False,ROLE_ALIGNED,True,-4.256820863155591
2,2026_02_CIN_HOU,CIN,HOU,00-0040157,Barrett Carter,LB,LB,ROLE_SHADOW,7.040318477923876,5,5,True,ROLE_ALIGNED,True,-2.0403184779238757
2,2026_02_CLE_TB,TB,CLE,00-0040158,David Walker,LB,LB,ROLE_SHADOW,1.3331082165431116,1,1,True,ROLE_ALIGNED,True,-0.3331082165431116
2,2026_02_CAR_ATL,CAR,ATL,00-0040159,Lathan Ransom,DB,DB,ROLE_SHADOW,1.9150807692053342,4,4,True,ROLE_ALIGNED,True,2.084919230794666
2,2026_02_PIT_NE,PIT,NE,00-0040160,Jack Sawyer,LB,LB,ROLE_SHADOW,2.3292858494068076,0,0,True,ROLE_ALIGNED,True,-2.3292858494068076
2,2026_02_GB_NYJ,NYJ,GB,00-0040165,Malachi Moore,DB,DB,ROLE_SHADOW,3.6536382829211473,0,0,True,ROLE_ALIGNED,True,-3.6536382829211473
2,2026_02_NO_BAL,NO,BAL,00-0040166,Quincy Riley,DB,DB,ROLE_SHADOW,3.2947774479383507,1,1,True,ROLE_ALIGNED,True,-2.2947774479383507
2,2026_02_JAX_DEN,DEN,JAX,00-0040168,Que Robinson,LB,LB,ROLE_SHADOW,2.200182529925888,2,2,True,ROLE_ALIGNED,True,-0.20018252992588792
2,2026_02_LV_LAC,LV,LAC,00-0040169,Tonka Hemingway,DL,EDGE,ROLE_SHADOW,1.9720233433998384,3,3,True,STARTER_CONFLICT_REVIEW,True,1.0279766566001616
2,2026_02_PIT_NE,NE,PIT,00-0040171,Joshua Farmer,DL,EDGE,ROLE_SHADOW,0.9185895727349012,2,2,True,ROLE_ALIGNED,True,1.0814104272650988
2,2026_02_MIN_CHI,MIN,CHI,00-0040173,Tyrion Ingram-Dawkins,DL,EDGE,ROLE_SHADOW,1.5138410380141427,1,1,True,ROLE_ALIGNED,True,-0.5138410380141427
2,2026_02_CAR_ATL,CAR,ATL,00-0040174,Cam Jackson,DL,DL,ROLE_SHADOW,1.5505501784639324,2,2,True,ROLE_ALIGNED,True,0.4494498215360676
2,2026_02_MIA_SF,MIA,SF,00-0040175,Jordan Phillips,DL,DL,ROLE_SHADOW,2.668529981737904,1,1,True,NO_DEPTH_FALLBACK_H012,False,-1.6685299817379038
2,2026_02_MIA_SF,MIA,SF,00-0040178,Jason Marshall Jr.,DB,DB,ROLE_SHADOW,3.7721211498608724,6,6,True,ROLE_ALIGNED,True,2.2278788501391276
2,2026_02_MIA_SF,MIA,SF,00-0040182,Dante Trader Jr.,DB,DB,ROLE_SHADOW,3.35038665845768,2,2,True,STARTER_CONFLICT_REVIEW,True,-1.3503866584576798
2,2026_02_CLE_TB,TB,CLE,00-0040183,Elijah Roberts,DL,EDGE,ROLE_SHADOW,0.8910715215071305,1,1,True,ROLE_ALIGNED,True,0.10892847849286946
2,2026_02_MIA_SF,SF,MIA,00-0040185,Marques Sigle,DB,DB,ROLE_SHADOW,5.015244138383853,6,6,True,REVIEW_BACKUP_CONFLICT,False,0.9847558616161471
2,2026_02_GB_NYJ,NYJ,GB,00-0040186,Francisco Mauigoa,LB,LB,ROLE_SHADOW,2.915467277116689,0,0,False,STARTER_CONFLICT_REVIEW,True,-2.915467277116689
2,2026_02_PIT_NE,PIT,NE,00-0040188,Yahya Black,DL,EDGE,ROLE_SHADOW,1.5962277233927702,0,0,True,ROLE_ALIGNED,True,-1.5962277233927702
2,2026_02_DET_BUF,BUF,DET,00-0040192,Jordan Hancock,DB,DB,ROLE_SHADOW,2.541616475240576,5,5,True,ROLE_ALIGNED,True,2.458383524759424
2,2026_02_SEA_ARI,ARI,SEA,00-0040195,Denzel Burke,DB,DB,ROLE_SHADOW,4.129120603912143,1,1,True,ROLE_ALIGNED,True,-3.129120603912143
2,2026_02_LV_LAC,LV,LAC,00-0040199,JJ Pegues,DL,DL,ROLE_SHADOW,1.5301188698372348,0,0,False,ROLE_ALIGNED,True,-1.5301188698372348
2,2026_02_PHI_TEN,TEN,PHI,00-0040201,Marcus Harris,DB,DB,ROLE_SHADOW,3.337461423294306,6,6,True,STARTER_CONFLICT_REVIEW,True,2.662538576705694
2,2026_02_PIT_NE,NE,PIT,00-0040204,Jaylen Reed,DB,DB,ROLE_SHADOW,3.0222538143245457,2,2,True,ROLE_ALIGNED,True,-1.0222538143245457
2,2026_02_IND_KC,IND,KC,00-0040207,Tim Smith,DL,DL,ROLE_SHADOW,1.0908960451109466,0,0,True,ROLE_ALIGNED,True,-1.0908960451109466
2,2026_02_JAX_DEN,JAX,DEN,00-0040213,Rayuan Lane III,DB,DB,ROLE_SHADOW,1.0684493134320177,0,0,False,ROLE_ALIGNED,True,-1.0684493134320177
2,2026_02_WAS_DAL,WAS,DAL,00-0040216,Kain Medrano,LB,LB,ROLE_SHADOW,1.506956717567807,0,0,False,ROLE_ALIGNED,True,-1.506956717567807
2,2026_02_LV_LAC,LAC,LV,00-0040221,R.J. Mickens,DB,DB,ROLE_SHADOW,2.4851374155139765,3,3,True,ROLE_ALIGNED,True,0.5148625844860235
2,2026_02_LV_LAC,LV,LAC,00-0040228,Cody Lindenberg,LB,LB,ROLE_SHADOW,1.6480086752180947,0,0,False,ROLE_ALIGNED,True,-1.6480086752180947
2,2026_02_SEA_ARI,ARI,SEA,00-0040230,Kitan Crawford,DB,DB,ROLE_SHADOW,1.2510118861759623,0,0,False,ROLE_ALIGNED,True,-1.2510118861759623
2,2026_02_PIT_NE,PIT,NE,00-0040231,Carson Bruener,LB,LB,ROLE_SHADOW,0.8163144320600452,0,0,False,ROLE_ALIGNED,True,-0.8163144320600452
2,2026_02_IND_KC,IND,KC,00-0040235,Hunter Wohler,DB,DB,ROLE_SHADOW,1.6929238096144386,7,7,True,ROLE_ALIGNED,True,5.307076190385562
2,2026_02_MIA_SF,MIA,SF,00-0040248,Zeek Biggers,DL,DL,ROLE_SHADOW,2.498373737810758,4,4,True,ROLE_ALIGNED,True,1.5016262621892418
2,2026_02_CLE_TB,CLE,TB,00-0040255,Adin Huntington,DL,DL,ROLE_SHADOW,1.477647677471573,1,1,True,ROLE_ALIGNED,True,-0.477647677471573
2,2026_02_CLE_TB,CLE,TB,00-0040261,Easton Mascarenas-Arnold,LB,LB,ROLE_SHADOW,2.0368363481712173,0,0,False,STARTER_CONFLICT_REVIEW,True,-2.0368363481712173
2,2026_02_CLE_TB,CLE,TB,00-0040263,Donovan McMillon,DB,DB,ROLE_SHADOW,0.6528472956019642,0,0,False,ROLE_ALIGNED,True,-0.6528472956019642
2,2026_02_NO_BAL,NO,BAL,00-0040293,Michael Reid,DB,DB,ROLE_SHADOW,1.6470425178960353,0,0,False,ROLE_ALIGNED,True,-1.6470425178960353
2,2026_02_WAS_DAL,WAS,DAL,00-0040314,Ricky Barber,DL,DL,ROLE_SHADOW,1.4089211366778271,0,0,False,ROLE_ALIGNED,True,-1.4089211366778271
2,2026_02_JAX_DEN,JAX,DEN,00-0040326,Branson Combs,LB,LB,ROLE_SHADOW,1.6971850278115013,1,1,True,ROLE_ALIGNED,True,-0.6971850278115013
2,2026_02_JAX_DEN,JAX,DEN,00-0040329,BJ Green II,DL,EDGE,ROLE_SHADOW,1.006524159465833,0,0,False,ROLE_ALIGNED,True,-1.006524159465833
2,2026_02_JAX_DEN,JAX,DEN,00-0040342,Danny Striggow,DL,EDGE,ROLE_SHADOW,2.003977904018185,1,1,True,ROLE_ALIGNED,True,-1.003977904018185
2,2026_02_CLE_TB,TB,CLE,00-0040384,Elijah Simmons,DL,DL,ROLE_SHADOW,0.9158707106826501,0,0,False,ROLE_ALIGNED,True,-0.9158707106826501
2,2026_02_GB_NYJ,NYJ,GB,00-0040397,Jordan Clark,DB,DB,ROLE_SHADOW,1.2951744660258908,0,0,False,ROLE_ALIGNED,True,-1.2951744660258908
2,2026_02_JAX_DEN,DEN,JAX,00-0040449,Karene Reid,LB,LB,ROLE_SHADOW,0.9329326656279735,0,0,False,ROLE_ALIGNED,True,-0.9329326656279735
2,2026_02_CAR_ATL,CAR,ATL,00-0040458,TeRah Edwards,DL,EDGE,ROLE_SHADOW,1.596282440839358,3,3,True,ROLE_ALIGNED,True,1.403717559160642
2,2026_02_LV_LAC,LAC,LV,00-0040460,Marlowe Wax,LB,LB,ROLE_SHADOW,4.396390895348029,0,0,False,ROLE_ALIGNED,True,-4.396390895348029
2,2026_02_MIN_CHI,MIN,CHI,00-0040496,Chaz Chambliss,LB,LB,ROLE_SHADOW,0.915874889672557,0,0,False,ROLE_ALIGNED,True,-0.915874889672557
2,2026_02_MIN_CHI,MIN,CHI,00-0040507,Zemaiah Vaughn,DB,DB,ROLE_SHADOW,1.6835998240961987,0,0,False,ROLE_ALIGNED,True,-1.6835998240961987
2,2026_02_PIT_NE,NE,PIT,00-0040574,Elijah Ponder,LB,LB,ROLE_SHADOW,2.765952382520798,5,5,True,STARTER_CONFLICT_REVIEW,True,2.234047617479202
2,2026_02_CLE_TB,CLE,TB,00-0040579,Carson Schwesinger,LB,LB,ROLE_SHADOW,9.819672623138205,10,10,True,ROLE_ALIGNED,True,0.18032737686179523
2,2026_02_NYG_LA,LA,NYG,00-0040580,Josaiah Stewart,LB,LB,ROLE_SHADOW,2.417665673637148,1,1,True,ROLE_ALIGNED,True,-1.4176656736371478
2,2026_02_NYG_LA,LA,NYG,00-0040585,Ty Hamilton,DL,DL,ROLE_SHADOW,1.0965209645928888,0,0,True,ROLE_ALIGNED,True,-1.0965209645928888
2,2026_02_NYG_LA,LA,NYG,00-0040613,Shaun Dolac,LB,LB,ROLE_SHADOW,2.4043253990506064,0,0,False,ROLE_ALIGNED,True,-2.4043253990506064
2,2026_02_MIN_CHI,MIN,CHI,00-0040624,Elijah Williams,DL,EDGE,ROLE_SHADOW,0.8860978969865589,0,0,False,ROLE_ALIGNED,True,-0.8860978969865589
2,2026_02_JAX_DEN,DEN,JAX,00-0040634,Jordan Turner,LB,LB,ROLE_SHADOW,1.1297597091959097,0,0,False,ROLE_ALIGNED,True,-1.1297597091959097
2,2026_02_NO_BAL,BAL,NO,00-0040636,Keyon Martin,DB,DB,ROLE_SHADOW,2.0340938634647276,0,0,True,ROLE_ALIGNED,True,-2.0340938634647276
2,2026_02_IND_KC,KC,IND,00-0040640,Ashton Gillotte,DL,EDGE,ROLE_SHADOW,1.9395373434847154,2,2,True,ROLE_ALIGNED,True,0.060462656515284596
2,2026_02_LV_LAC,LV,LAC,00-0040641,Darien Porter,DB,DB,ROLE_SHADOW,3.0586859898159657,0,0,False,ROLE_ALIGNED,True,-3.0586859898159657
2,2026_02_NO_BAL,NO,BAL,00-0040642,Vernon Broughton,DL,EDGE,ROLE_SHADOW,2.463856051850326,1,1,True,ROLE_ALIGNED,True,-1.463856051850326
2,2026_02_NO_BAL,NO,BAL,00-0040643,Jonas Sanker,DB,DB,ROLE_SHADOW,3.81098577397905,2,2,True,REVIEW_BACKUP_CONFLICT,False,-1.8109857739790498
2,2026_02_SEA_ARI,ARI,SEA,00-0040645,Cody Simon,LB,LB,ROLE_SHADOW,6.491239398846299,0,0,True,REVIEW_BACKUP_CONFLICT,False,-6.491239398846299
2,2026_02_SEA_ARI,SEA,ARI,00-0040647,Rylie Mills,DL,EDGE,ROLE_SHADOW,1.003114309667951,4,4,True,ROLE_ALIGNED,True,2.996885690332049
2,2026_02_MIA_SF,MIA,SF,00-0040655,Keith Cooper Jr.,DL,DL,ROLE_SHADOW,0.7813203732786297,0,0,True,ROLE_ALIGNED,True,-0.7813203732786297
2,2026_02_PHI_TEN,PHI,TEN,00-0040662,Ty Robinson,DL,EDGE,ROLE_SHADOW,1.6715432908822114,0,0,True,ROLE_ALIGNED,True,-1.6715432908822114
2,2026_02_IND_KC,KC,IND,00-0040670,Nohl Williams,DB,DB,ROLE_SHADOW,4.408316724301037,5,5,True,ROLE_ALIGNED,True,0.591683275698963
2,2026_02_DET_BUF,DET,BUF,00-0040672,Tyleik Williams,DL,DL,ROLE_SHADOW,1.7585022286924092,5,5,True,STARTER_CONFLICT_REVIEW,True,3.241497771307591
2,2026_02_NYG_LA,NYG,LA,00-0040677,Abdul Carter,LB,LB,ROLE_SHADOW,3.662197565118082,3,3,True,ROLE_ALIGNED,True,-0.662197565118082
2,2026_02_PIT_NE,PIT,NE,00-0040678,Derrick Harmon,DL,EDGE,ROLE_SHADOW,2.5228502742576047,8,8,True,STARTER_CONFLICT_REVIEW,True,5.477149725742395
2,2026_02_CLE_TB,CLE,TB,00-0040685,Mason Graham,DL,DL,ROLE_SHADOW,3.5231629519879912,3,3,True,STARTER_CONFLICT_REVIEW,True,-0.5231629519879912
2,2026_02_NO_BAL,BAL,NO,00-0040688,Malaki Starks,DB,DB,ROLE_SHADOW,4.216192923083375,4,4,True,ROLE_ALIGNED,True,-0.21619292308337457
2,2026_02_GB_NYJ,GB,NYJ,00-0040689,Anthony Campbell,DL,EDGE,ROLE_SHADOW,0.6934304411131264,1,1,True,ROLE_ALIGNED,True,0.30656955888687365
2,2026_02_NYG_LA,NYG,LA,00-0040694,Darius Alexander,DL,EDGE,ROLE_SHADOW,1.527859558724547,0,0,False,ROLE_ALIGNED,True,-1.527859558724547
2,2026_02_SEA_ARI,ARI,SEA,00-0040706,Walter Nolen,DL,DL,ROLE_SHADOW,2.0698368165334724,2,2,True,STARTER_CONFLICT_REVIEW,True,-0.0698368165334724
2,2026_02_PHI_TEN,PHI,TEN,00-0040708,Jihaad Campbell,LB,LB,ROLE_SHADOW,6.013658238400087,10,10,True,ROLE_ALIGNED,True,3.9863417615999133
2,2026_02_DET_BUF,BUF,DET,00-0040709,Maxwell Hairston,DB,DB,ROLE_SHADOW,3.642930979419661,1,1,True,ROLE_ALIGNED,True,-2.642930979419661
2,2026_02_DET_BUF,BUF,DET,00-0040710,Deone Walker,DL,DL,ROLE_SHADOW,2.804881713903602,1,1,True,STARTER_CONFLICT_REVIEW,True,-1.804881713903602
2,2026_02_MIA_SF,SF,MIA,00-0040711,CJ West,DL,DL,ROLE_SHADOW,1.9328394270570552,3,3,True,ROLE_ALIGNED,True,1.0671605729429448
2,2026_02_PIT_NE,NE,PIT,00-0040716,Craig Woodson,DB,DB,ROLE_SHADOW,4.606362335374398,7,7,True,ROLE_ALIGNED,True,2.3936376646256017
2,2026_02_JAX_DEN,JAX,DEN,00-0040718,Travis Hunter,WR,DB,ROLE_SHADOW,2.1470788621490153,4,4,True,ROLE_ALIGNED,True,1.8529211378509847
2,2026_02_JAX_DEN,DEN,JAX,00-0040720,Jahdae Barron,DB,DB,ROLE_SHADOW,1.7067808415745636,0,0,True,ROLE_ALIGNED,True,-1.7067808415745636
2,2026_02_NO_BAL,BAL,NO,00-0040722,Mike Green,LB,LB,ROLE_SHADOW,2.1272110007159313,2,2,True,ROLE_ALIGNED,True,-0.12721100071593128
2,2026_02_DET_BUF,BUF,DET,00-0040724,T.J. Sanders,DL,EDGE,ROLE_SHADOW,2.4578065288952535,0,0,False,STARTER_CONFLICT_REVIEW,True,-2.4578065288952535
2,2026_02_WAS_DAL,DAL,WAS,00-0040725,Donovan Ezeiruaku,LB,LB,ROLE_SHADOW,3.8478443116093546,3,3,True,STARTER_CONFLICT_REVIEW,True,-0.8478443116093546
2,2026_02_SEA_ARI,SEA,ARI,00-0040733,Nick Emmanwori,DB,DB,ROLE_SHADOW,5.977177264685175,1,1,True,ROLE_ALIGNED,True,-4.977177264685175
2,2026_02_CIN_HOU,CIN,HOU,00-0040738,Demetrius Knight Jr.,LB,LB,ROLE_SHADOW,5.906090089690017,12,12,True,ROLE_ALIGNED,True,6.093909910309983
2,2026_02_IND_KC,IND,KC,00-0040744,Jaylahn Tuimoloau,DL,EDGE,ROLE_SHADOW,1.3397778273701106,3,3,True,ROLE_ALIGNED,True,1.6602221726298894
2,2026_02_CLE_TB,TB,CLE,00-0040747,Benjamin Morrison,DB,DB,ROLE_SHADOW,3.5825639728891256,7,7,True,ROLE_ALIGNED,True,3.4174360271108744
2,2026_02_PHI_TEN,PHI,TEN,00-0040749,Andrew Mukuba,DB,DB,ROLE_SHADOW,3.8511180071832327,6,6,True,ROLE_ALIGNED,True,2.1488819928167673
2,2026_02_SEA_ARI,ARI,SEA,00-0040751,Will Johnson,DB,DB,ROLE_SHADOW,3.4060124297203833,4,4,True,ROLE_ALIGNED,True,0.5939875702796167
2,2026_02_PHI_TEN,TEN,PHI,00-0040752,Oluwafemi Oladejo,LB,EDGE,ROLE_SHADOW,1.6795269519552372,1,1,True,ROLE_ALIGNED,True,-0.6795269519552372
2,2026_02_CIN_HOU,CIN,HOU,00-0040756,Shemar Stewart,DL,EDGE,ROLE_SHADOW,1.730678163934396,2,2,True,ROLE_ALIGNED,True,0.269321836065604
2,2026_02_DET_BUF,DET,BUF,00-0040761,Ahmed Hassanein,DL,EDGE,ROLE_SHADOW,0.6300810908797425,0,0,False,ROLE_ALIGNED,True,-0.6300810908797425
2,2026_02_WAS_DAL,DAL,WAS,00-0040865,Caleb Downs,DB,DB,ROLE_SHADOW,4.212107708264539,7,7,True,REVIEW_BACKUP_CONFLICT,False,2.787892291735461
2,2026_02_LV_LAC,LV,LAC,00-0040868,Treydan Stukes,DB,DB,ROLE_SHADOW,5.262088046659415,3,3,True,ROLE_ALIGNED,True,-2.2620880466594153
2,2026_02_GB_NYJ,GB,NYJ,00-0040869,Chris McClellan,DL,EDGE,ROLE_SHADOW,1.7410105853897153,0,0,True,ROLE_ALIGNED,True,-1.7410105853897153
2,2026_02_WAS_DAL,DAL,WAS,00-0040872,Jaishawn Barham,LB,LB,ROLE_SHADOW,3.5032477195193867,6,7,True,ROLE_ALIGNED,True,2.4967522804806133
2,2026_02_SEA_ARI,SEA,ARI,00-0040873,Julian Neal,DB,DB,ROLE_SHADOW,1.7829526388695551,1,1,True,ROLE_ALIGNED,True,-0.7829526388695551
2,2026_02_GB_NYJ,GB,NYJ,00-0040877,Dani Dennis-Sutton,LB,LB,ROLE_SHADOW,2.132591508393,6,6,True,ROLE_ALIGNED,True,3.867408491607
2,2026_02_WAS_DAL,DAL,WAS,00-0040880,LT Overton,DL,EDGE,ROLE_SHADOW,1.2113374937706431,1,1,True,ROLE_ALIGNED,True,-0.21133749377064315
2,2026_02_LV_LAC,LV,LAC,00-0040883,Dalton Johnson,DB,DB,ROLE_SHADOW,1.6744672964438372,0,0,False,ROLE_ALIGNED,True,-1.6744672964438372
2,2026_02_NO_BAL,BAL,NO,00-0040885,Chandler Rivers,DB,DB,ROLE_SHADOW,1.7441131773862075,2,2,True,ROLE_ALIGNED,True,0.2558868226137925
2,2026_02_LV_LAC,LV,LAC,00-0040889,Hezekiah Masses,DB,DB,ROLE_SHADOW,1.222564427258804,5,5,True,ROLE_ALIGNED,True,3.777435572741196
2,2026_02_PHI_TEN,TEN,PHI,00-0040892,Jackie Marshall,DL,DL,ROLE_SHADOW,0.639251560193203,0,0,False,ROLE_ALIGNED,True,-0.639251560193203
2,2026_02_IND_KC,IND,KC,00-0040928,Kapena Gushiken,DB,DB,ROLE_SHADOW,1.7029728155481263,2,2,True,ROLE_ALIGNED,True,0.2970271844518737
2,2026_02_IND_KC,KC,IND,00-0040957,Xavier Nwankpa,DB,DB,ROLE_SHADOW,1.7163099130301296,0,0,False,ROLE_ALIGNED,True,-1.7163099130301296
2,2026_02_NO_BAL,BAL,NO,00-0040978,Ethan Burke,LB,LB,ROLE_SHADOW,1.3848947563993825,0,0,False,ROLE_ALIGNED,True,-1.3848947563993825
2,2026_02_GB_NYJ,NYJ,GB,00-0041026,David Bailey,LB,EDGE,ROLE_SHADOW,4.518270911244314,3,3,True,REVIEW_BACKUP_CONFLICT,False,-1.518270911244314
2,2026_02_WAS_DAL,WAS,DAL,00-0041028,Sonny Styles,LB,LB,ROLE_SHADOW,5.485443228905215,3,3,True,ROLE_ALIGNED,True,-2.485443228905215
2,2026_02_CLE_TB,TB,CLE,00-0041031,Rueben Bain Jr.,LB,LB,ROLE_SHADOW,3.591332727931017,0,0,True,STARTER_CONFLICT_REVIEW,True,-3.591332727931017
2,2026_02_MIN_CHI,MIN,CHI,00-0041033,Caleb Banks,DL,DL,ROLE_SHADOW,1.346523039953486,6,6,True,STARTER_CONFLICT_REVIEW,True,4.653476960046514
2,2026_02_DET_BUF,BUF,DET,00-0041036,TJ Parker,LB,LB,ROLE_SHADOW,1.5373942031328969,0,0,True,ROLE_ALIGNED,True,-1.5373942031328969
2,2026_02_GB_NYJ,NYJ,GB,00-0041038,D'Angelo Ponds,DB,DB,ROLE_SHADOW,1.6870391593726755,0,0,False,ROLE_ALIGNED,True,-1.6870391593726755
2,2026_02_IND_KC,IND,KC,00-0041039,CJ Allen,LB,LB,ROLE_SHADOW,1.5504062670789571,1,1,True,ROLE_ALIGNED,True,-0.5504062670789571
2,2026_02_IND_KC,IND,KC,00-0041043,A.J. Haulcy,DB,DB,ROLE_SHADOW,5.506169276808989,2,2,True,ROLE_ALIGNED,True,-3.506169276808989
2,2026_02_JAX_DEN,JAX,DEN,00-0041045,Albert Regis,DL,DL,ROLE_SHADOW,1.0600939792223174,1,1,True,ROLE_ALIGNED,True,-0.060093979222317406
2,2026_02_MIN_CHI,MIN,CHI,00-0041046,Domonique Orange,DL,DL,ROLE_SHADOW,1.6133826535396256,2,2,True,ROLE_ALIGNED,True,0.3866173464603744
2,2026_02_MIN_CHI,MIN,CHI,00-0041054,Jakobe Thomas,DB,DB,ROLE_SHADOW,1.6241084216408053,0,0,False,ROLE_ALIGNED,True,-1.6241084216408053
2,2026_02_JAX_DEN,JAX,DEN,00-0041055,Jalen Huskey,DB,DB,ROLE_SHADOW,1.7398551717403243,0,0,False,ROLE_ALIGNED,True,-1.7398551717403243
2,2026_02_CLE_TB,TB,CLE,00-0041057,Keionte Scott,DB,DB,ROLE_SHADOW,3.319624627367342,3,3,True,REVIEW_BACKUP_CONFLICT,False,-0.3196246273673422
2,2026_02_JAX_DEN,JAX,DEN,00-0041059,Wesley Williams,DL,EDGE,ROLE_SHADOW,0.5465271702136194,0,0,False,ROLE_ALIGNED,True,-0.5465271702136194
2,2026_02_MIN_CHI,CHI,MIN,00-0041060,Malik Muhammad,DB,DB,ROLE_SHADOW,3.3721595792430317,3,3,True,REVIEW_BACKUP_CONFLICT,False,-0.37215957924303167
2,2026_02_CAR_ATL,CAR,ATL,00-0041063,Will Lee III,DB,DB,ROLE_SHADOW,2.419414037998621,2,2,True,ROLE_ALIGNED,True,-0.41941403799862087
2,2026_02_LV_LAC,LAC,LV,00-0041064,Genesis Smith,DB,DB,ROLE_SHADOW,2.3186978727531757,1,1,True,ROLE_ALIGNED,True,-1.3186978727531757
2,2026_02_CAR_ATL,ATL,CAR,00-0041066,Kendal Daniels,LB,LB,ROLE_SHADOW,4.5936411786229225,3,3,True,ROLE_ALIGNED,True,-1.5936411786229225
2,2026_02_MIA_SF,SF,MIA,00-0041068,Ephesians Prysock,DB,DB,ROLE_SHADOW,1.7142372494381772,0,0,False,ROLE_ALIGNED,True,-1.7142372494381772
2,2026_02_LV_LAC,LAC,LV,00-0041072,Nick Barrett,DL,EDGE,ROLE_SHADOW,0.7030958066912298,1,1,True,ROLE_ALIGNED,True,0.29690419330877016
2,2026_02_WAS_DAL,WAS,DAL,00-0041074,Joshua Josephs,LB,LB,ROLE_SHADOW,1.8499157581525059,0,0,True,ROLE_ALIGNED,True,-1.8499157581525059
2,2026_02_CLE_TB,CLE,TB,00-0041075,Justin Jefferson,LB,LB,ROLE_SHADOW,1.5939532978668502,0,0,False,ROLE_ALIGNED,True,-1.5939532978668502
2,2026_02_CAR_ATL,CAR,ATL,00-0041076,Zakee Wheatley,DB,DB,ROLE_SHADOW,1.7237963197130748,3,4,True,ROLE_ALIGNED,True,1.2762036802869252
2,2026_02_MIA_SF,SF,MIA,00-0041078,Jaden Dugger,LB,LB,ROLE_SHADOW,3.657854001226838,2,2,True,ROLE_ALIGNED,True,-1.6578540012268381
2,2026_02_CLE_TB,TB,CLE,00-0041079,DeMonte Capehart,DL,EDGE,ROLE_SHADOW,0.6211893314728253,0,0,False,ROLE_ALIGNED,True,-0.6211893314728253
2,2026_02_IND_KC,IND,KC,00-0041080,George Gumbs Jr.,DL,EDGE,ROLE_SHADOW,0.625939618204123,0,0,False,ROLE_ALIGNED,True,-0.625939618204123
2,2026_02_MIN_CHI,MIN,CHI,00-0041083,Charles Demmings,DB,DB,ROLE_SHADOW,2.6643755979833905,0,0,False,STARTER_CONFLICT_REVIEW,True,-2.6643755979833905
2,2026_02_MIN_CHI,CHI,MIN,00-0041085,Keyshaun Elliott,LB,LB,ROLE_SHADOW,1.5990369888633273,0,0,False,ROLE_ALIGNED,True,-1.5990369888633273
2,2026_02_DET_BUF,BUF,DET,00-0041086,Jalon Kilgore,DB,DB,ROLE_SHADOW,1.6006140045265627,0,0,False,ROLE_ALIGNED,True,-1.6006140045265627
2,2026_02_PIT_NE,NE,PIT,00-0041088,Karon Prunty,DB,DB,ROLE_SHADOW,1.7397184684102573,0,0,False,ROLE_ALIGNED,True,-1.7397184684102573
2,2026_02_SEA_ARI,ARI,SEA,00-0041093,Karson Sharar,LB,LB,ROLE_SHADOW,1.571739007020963,0,0,False,ROLE_ALIGNED,True,-1.571739007020963
2,2026_02_NYG_LA,NYG,LA,00-0041095,Bobby Jamison-Travis,DL,EDGE,ROLE_SHADOW,0.6528429596113609,0,0,False,ROLE_ALIGNED,True,-0.6528429596113609
2,2026_02_NYG_LA,NYG,LA,00-0041102,Jack Kelly,LB,LB,ROLE_SHADOW,1.611479724184404,0,0,False,ROLE_ALIGNED,True,-1.611479724184404
2,2026_02_PIT_NE,NE,PIT,00-0041109,Namdi Obiazor,LB,LB,ROLE_SHADOW,1.4511779270019927,0,0,False,ROLE_ALIGNED,True,-1.4511779270019927
2,2026_02_MIN_CHI,CHI,MIN,00-0041110,Jordan van den Berg,DL,DL,ROLE_SHADOW,1.3679878133957304,1,1,True,ROLE_ALIGNED,True,-0.3679878133957304
2,2026_02_IND_KC,IND,KC,00-0041111,Caden Curry,DL,EDGE,ROLE_SHADOW,0.45508743980667,1,1,True,ROLE_ALIGNED,True,0.54491256019333
2,2026_02_CAR_ATL,ATL,CAR,00-0041112,Harold Perkins Jr.,LB,LB,ROLE_SHADOW,2.31423015322985,1,1,True,ROLE_ALIGNED,True,-1.31423015322985
2,2026_02_CLE_TB,CLE,TB,00-0041115,Toriano Pride Jr.,DB,DB,ROLE_SHADOW,1.7342233848021735,0,0,False,ROLE_ALIGNED,True,-1.7342233848021735
2,2026_02_CIN_HOU,CIN,HOU,00-0041118,Landon Robinson,DL,DL,ROLE_SHADOW,0.6135468676724893,0,0,False,ROLE_ALIGNED,True,-0.6135468676724893
2,2026_02_CAR_ATL,CAR,ATL,00-0041119,Jackson Kuwatch,LB,LB,ROLE_SHADOW,1.4666858906219171,0,0,True,ROLE_ALIGNED,True,-1.4666858906219171
2,2026_02_CAR_ATL,CAR,ATL,00-0041148,Aaron Hall,DL,EDGE,ROLE_SHADOW,1.894827778560612,6,6,True,ROLE_ALIGNED,True,4.105172221439388
2,2026_02_MIN_CHI,CHI,MIN,00-0041171,Jayden Loving,DL,DL,ROLE_SHADOW,0.6431941806545368,0,0,False,ROLE_ALIGNED,True,-0.6431941806545368
2,2026_02_MIN_CHI,CHI,MIN,00-0041175,Skyler Thomas,DB,DB,ROLE_SHADOW,0.6905012420018032,0,0,False,ROLE_ALIGNED,True,-0.6905012420018032
2,2026_02_CAR_ATL,ATL,CAR,00-0041188,Malcolm DeWalt IV,DB,DB,ROLE_SHADOW,1.6240841725553488,0,0,False,ROLE_ALIGNED,True,-1.6240841725553488
2,2026_02_JAX_DEN,JAX,DEN,00-0041218,Bryan Thomas Jr.,DL,EDGE,ROLE_SHADOW,0.5465271702136194,0,0,True,ROLE_ALIGNED,True,-0.5465271702136194
2,2026_02_IND_KC,IND,KC,00-0041227,Tahj Chambers,LB,LB,ROLE_SHADOW,1.5504062670789571,0,0,False,ROLE_ALIGNED,True,-1.5504062670789571
2,2026_02_CLE_TB,TB,CLE,00-0041253,Ayden Garnes,DB,DB,ROLE_SHADOW,1.6695054192566363,0,0,False,ROLE_ALIGNED,True,-1.6695054192566363
2,2026_02_IND_KC,KC,IND,00-0041256,Jack Pyburn,LB,EDGE,ROLE_SHADOW,0.6266436744082109,0,0,False,ROLE_ALIGNED,True,-0.6266436744082109
2,2026_02_PIT_NE,PIT,NE,00-0041261,Kevin Jobity Jr.,DL,EDGE,ROLE_SHADOW,0.6356667936686752,0,0,False,ROLE_ALIGNED,True,-0.6356667936686752
2,2026_02_CIN_HOU,HOU,CIN,00-0041305,Sabastian Harsh,DL,EDGE,ROLE_SHADOW,0.606701306937531,2,2,True,ROLE_ALIGNED,True,1.393298693062469
2,2026_02_CIN_HOU,HOU,CIN,00-0041313,Collin Wright,DB,DB,ROLE_SHADOW,1.7018981148572387,0,0,False,ROLE_ALIGNED,True,-1.7018981148572387
2,2026_02_PIT_NE,NE,PIT,00-0041316,Channing Canada,DB,DB,ROLE_SHADOW,1.754742551076759,0,0,True,ROLE_ALIGNED,True,-1.754742551076759
2,2026_02_MIN_CHI,MIN,CHI,00-0041354,Jacob Thomas,DB,DB,ROLE_SHADOW,1.0177537701030355,0,0,True,ROLE_ALIGNED,True,-1.0177537701030355
2,2026_02_IND_KC,KC,IND,00-0041358,Bryson Eason,DL,DL,ROLE_SHADOW,0.6548576754381347,0,0,False,ROLE_ALIGNED,True,-0.6548576754381347
2,2026_02_MIA_SF,SF,MIA,00-0041363,James Thompson Jr.,DL,DL,ROLE_SHADOW,1.588762670204993,2,2,True,NO_DEPTH_FALLBACK_H012,False,0.41123732979500693
2,2026_02_SEA_ARI,ARI,SEA,00-0041370,Wydett Williams Jr.,DB,DB,ROLE_SHADOW,1.6355178364993448,0,0,True,ROLE_ALIGNED,True,-1.6355178364993448
2,2026_02_LV_LAC,LAC,LV,00-0041381,Rodney Shelley,DB,DB,ROLE_SHADOW,0.5997633160359149,0,0,True,ROLE_ALIGNED,True,-0.5997633160359149
2,2026_02_SEA_ARI,SEA,ARI,00-0041382,Avery Smith,DB,DB,ROLE_SHADOW,1.7017327094012844,0,0,False,ROLE_ALIGNED,True,-1.7017327094012844
2,2026_02_NO_BAL,NO,BAL,00-0041390,Christen Miller,DL,DL,ROLE_SHADOW,1.3624407866182315,0,0,False,ROLE_ALIGNED,True,-1.3624407866182315
2,2026_02_DET_BUF,BUF,DET,00-0041391,Davison Igbinosun,DB,DB,ROLE_SHADOW,1.1690624303752093,3,3,True,ROLE_ALIGNED,True,1.8309375696247907
2,2026_02_PIT_NE,PIT,NE,00-0041393,Daylen Everette,DB,DB,ROLE_SHADOW,0.7389250982885782,0,0,True,ROLE_ALIGNED,True,-0.7389250982885782
2,2026_02_PIT_NE,PIT,NE,00-0041400,Gabe Rubio,DL,EDGE,ROLE_SHADOW,0.7552733112549052,0,0,False,NO_DEPTH_FALLBACK_H012,False,-0.7552733112549052
2,2026_02_PIT_NE,PIT,NE,00-0041401,Robert Spears-Jennings,DB,DB,ROLE_SHADOW,1.7454552410993078,0,0,True,ROLE_ALIGNED,True,-1.7454552410993078
2,2026_02_PIT_NE,NE,PIT,00-0041402,Quintayvious Hutchins,LB,LB,ROLE_SHADOW,1.5264431950865776,3,3,True,ROLE_ALIGNED,True,1.4735568049134224
2,2026_02_NYG_LA,LA,NYG,00-0041404,Wesley Bailey,LB,LB,ROLE_SHADOW,1.6182960817012837,1,1,True,ROLE_ALIGNED,True,-0.6182960817012837
2,2026_02_DET_BUF,DET,BUF,00-0041441,Derrick Moore,LB,EDGE,ROLE_SHADOW,1.0090740154687778,0,0,True,ROLE_ALIGNED,True,-1.0090740154687778
2,2026_02_DET_BUF,DET,BUF,00-0041442,Jimmy Rolder,LB,LB,ROLE_SHADOW,1.5893589724907662,0,0,False,ROLE_ALIGNED,True,-1.5893589724907662
2,2026_02_DET_BUF,BUF,DET,00-0041444,Kaleb Elarms-Orr,LB,LB,ROLE_SHADOW,1.287611600983823,2,2,True,ROLE_ALIGNED,True,0.712388399016177
2,2026_02_DET_BUF,DET,BUF,00-0041445,Keith Abney II,DB,DB,ROLE_SHADOW,1.5748473161788596,0,0,False,ROLE_ALIGNED,True,-1.5748473161788596
2,2026_02_DET_BUF,DET,BUF,00-0041447,Skyler Gill-Howard,DL,DL,ROLE_SHADOW,2.094308386123506,1,1,True,ROLE_ALIGNED,True,-1.094308386123506
2,2026_02_CIN_HOU,HOU,CIN,00-0041449,Aiden Fisher,LB,LB,ROLE_SHADOW,3.004675136446836,0,0,False,STARTER_CONFLICT_REVIEW,True,-3.004675136446836
2,2026_02_PIT_NE,NE,PIT,00-0041455,Erick Hunter,LB,LB,ROLE_SHADOW,1.5922371142438563,0,0,False,ROLE_ALIGNED,True,-1.5922371142438563
2,2026_02_DET_BUF,DET,BUF,00-0041459,Eric O'Neill,DL,EDGE,ROLE_SHADOW,0.5244779692623931,0,0,False,ROLE_ALIGNED,True,-0.5244779692623931
2,2026_02_NYG_LA,NYG,LA,00-0041462,Colton Hood,DB,DB,ROLE_SHADOW,0.9690735997685335,3,3,True,ROLE_ALIGNED,True,2.0309264002314666
2,2026_02_CIN_HOU,CIN,HOU,00-0041464,Tacario Davis,DB,DB,ROLE_SHADOW,0.8438923671399899,1,1,True,ROLE_ALIGNED,True,0.15610763286001006
2,2026_02_CIN_HOU,HOU,CIN,00-0041465,Wade Woodaz,LB,LB,ROLE_SHADOW,1.551639420011462,0,0,False,ROLE_ALIGNED,True,-1.551639420011462
2,2026_02_CIN_HOU,HOU,CIN,00-0041466,Kamari Ramsey,DB,DB,ROLE_SHADOW,0.6757011577499279,0,0,False,ROLE_ALIGNED,True,-0.6757011577499279
2,2026_02_CAR_ATL,ATL,CAR,00-0041469,Avieon Terrell,DB,DB,ROLE_SHADOW,1.7022017173848147,1,1,True,ROLE_ALIGNED,True,-0.7022017173848147
2,2026_02_GB_NYJ,GB,NYJ,00-0041470,Brandon Cisse,DB,DB,ROLE_SHADOW,3.0462557734203983,4,4,True,ROLE_ALIGNED,True,0.9537442265796017
2,2026_02_CLE_TB,CLE,TB,00-0041471,Emmanuel McNeil-Warren,DB,DB,ROLE_SHADOW,1.8650904344281771,0,0,True,ROLE_ALIGNED,True,-1.8650904344281771
2,2026_02_CAR_ATL,CAR,ATL,00-0041478,Lee Hunter,DL,DL,ROLE_SHADOW,2.9358769171700065,0,0,True,STARTER_CONFLICT_REVIEW,True,-2.9358769171700065
2,2026_02_PHI_TEN,TEN,PHI,00-0041479,Anthony Hill Jr.,LB,LB,ROLE_SHADOW,7.884767365309616,10,10,True,REVIEW_BACKUP_CONFLICT,False,2.1152326346903836
2,2026_02_NO_BAL,BAL,NO,00-0041494,Zion Young,LB,LB,ROLE_SHADOW,1.683433170471328,2,2,True,ROLE_ALIGNED,True,0.3165668295286721
2,2026_02_MIN_CHI,MIN,CHI,00-0041495,Jake Golday,LB,LB,ROLE_SHADOW,1.6871216057236347,0,0,False,ROLE_ALIGNED,True,-1.6871216057236347
2,2026_02_IND_KC,KC,IND,00-0041497,Jadon Canady,DB,DB,ROLE_SHADOW,1.5487579586603237,0,0,False,ROLE_ALIGNED,True,-1.5487579586603237
2,2026_02_IND_KC,KC,IND,00-0041501,R Mason Thomas,DL,EDGE,ROLE_SHADOW,1.8977568202967123,0,0,True,ROLE_ALIGNED,True,-1.8977568202967123
2,2026_02_CLE_TB,TB,CLE,00-0041502,Josiah Trotter,LB,LB,ROLE_SHADOW,6.484577775986103,11,11,True,ROLE_ALIGNED,True,4.515422224013897
2,2026_02_PHI_TEN,TEN,PHI,00-0041508,Keldric Faulk,LB,EDGE,ROLE_SHADOW,1.231860654221746,1,1,True,ROLE_ALIGNED,True,-0.23186065422174607
2,2026_02_NYG_LA,NYG,LA,00-0041509,Arvell Reese,LB,LB,ROLE_SHADOW,6.541385787433588,6,7,True,ROLE_ALIGNED,True,-0.5413857874335877
2,2026_02_IND_KC,IND,KC,00-0041518,Bryce Boettcher,LB,LB,ROLE_SHADOW,3.329815842584629,4,4,True,STARTER_CONFLICT_REVIEW,True,0.6701841574153709
2,2026_02_MIA_SF,MIA,SF,00-0041522,Jacob Rodriguez,LB,LB,ROLE_SHADOW,8.603574357161454,8,8,True,ROLE_ALIGNED,True,-0.6035743571614542
2,2026_02_MIA_SF,MIA,SF,00-0041527,Kyle Louis,LB,DB,ROLE_SHADOW,0.8837236345427335,0,0,False,ROLE_ALIGNED,True,-0.8837236345427335
2,2026_02_MIA_SF,MIA,SF,00-0041528,Michael Taaffe,DB,DB,ROLE_SHADOW,3.7090289188139116,9,9,True,REVIEW_BACKUP_CONFLICT,False,5.290971081186088
2,2026_02_MIA_SF,MIA,SF,00-0041533,Chris Johnson,DB,DB,ROLE_SHADOW,6.7777538167706775,1,1,True,ROLE_ALIGNED,True,-5.7777538167706775
2,2026_02_WAS_DAL,DAL,WAS,00-0041537,Malachi Lawrence,LB,LB,ROLE_SHADOW,3.3149310194263015,1,1,True,ROLE_ALIGNED,True,-2.3149310194263015
2,2026_02_MIN_CHI,CHI,MIN,00-0041538,Dillon Thieneman,DB,DB,ROLE_SHADOW,5.300539344857084,7,7,True,ROLE_ALIGNED,True,1.699460655142916
2,2026_02_IND_KC,KC,IND,00-0041543,Mansoor Delane,DB,DB,ROLE_SHADOW,1.0283484509475895,0,0,False,STARTER_CONFLICT_REVIEW,True,-1.0283484509475895
2,2026_02_LV_LAC,LAC,LV,00-0041544,Akheem Mesidor,LB,LB,ROLE_SHADOW,2.843736895269507,3,3,True,ROLE_ALIGNED,True,0.1562631047304932
2,2026_02_IND_KC,KC,IND,00-0041545,Peter Woods,DL,DL,ROLE_SHADOW,0.6425917863395519,3,3,False,ROLE_ALIGNED,True,2.357408213660448
2,2026_02_CIN_HOU,CIN,HOU,00-0041546,Cashius Howell,DL,EDGE,ROLE_SHADOW,1.6935886534367586,1,1,True,ROLE_ALIGNED,True,-0.6935886534367586
2,2026_02_GB_NYJ,NYJ,GB,00-0041549,Darrell Jackson Jr.,DL,DL,ROLE_SHADOW,1.0269940336826708,2,2,True,ROLE_ALIGNED,True,0.9730059663173292
2,2026_02_JAX_DEN,DEN,JAX,00-0041552,Tyler Onyedim,DL,EDGE,ROLE_SHADOW,0.592492467858543,0,0,False,ROLE_ALIGNED,True,-0.592492467858543
2,2026_02_MIA_SF,SF,MIA,00-0041556,Romello Height,DL,EDGE,ROLE_SHADOW,1.6093765337661532,1,1,True,ROLE_ALIGNED,True,-0.6093765337661532
2,2026_02_MIA_SF,SF,MIA,00-0041557,Gracen Halton,DL,DL,ROLE_SHADOW,1.7980620190493017,5,5,True,STARTER_CONFLICT_REVIEW,True,3.2019379809506985
2,2026_02_LV_LAC,LV,LAC,00-0041563,Jermod McCoy,DB,DB,ROLE_SHADOW,1.6844067465845747,2,2,True,ROLE_ALIGNED,True,0.3155932534154253
2,2026_02_PIT_NE,NE,PIT,00-0041569,Gabe Jacas,LB,LB,ROLE_SHADOW,2.6798947197659007,2,2,True,ROLE_ALIGNED,True,-0.6798947197659007
